id,status,slug,platform,durationSeconds,title,hook,dialogue,evidence
"DGR-VM-001","SCRIPTED_WAITING_FOR_VM_FOOTAGE","live-vs-installed-human-question","TikTok","18","First run: Human question — live vs installed","You might be wondering, “The first-run wizard changes its explanation between the live trial and an installed system.” Let’s look at the actual screen and the limitation that goes with it.","You might be wondering, “The first-run wizard changes its explanation between the live trial and an installed system.” Let’s look at the actual screen and the limitation that goes with it.","docs/FIELD-NOTES-2026-08-15.md — zram section, final paragraph"
"DGR-VM-002","SCRIPTED_WAITING_FOR_VM_FOOTAGE","live-vs-installed-screen-first","Instagram Reels","14","First run: Screen first — live vs installed","Here it is on a running Dagric system: The first-run wizard changes its explanation between the live trial and an installed system.","Here it is on a running Dagric system: The first-run wizard changes its explanation between the live trial and an installed system.","docs/FIELD-NOTES-2026-08-15.md — zram section, final paragraph"
"DGR-VM-003","SCRIPTED_WAITING_FOR_VM_FOOTAGE","live-vs-installed-three-beats","YouTube Shorts","24","First run: Three-beat explainer — live vs installed","Three quick beats: what it is, where it lives, and what you should verify yourself.","Three quick beats: what it is, where it lives, and what you should verify yourself. The first-run wizard changes its explanation between the live trial and an installed system.","docs/FIELD-NOTES-2026-08-15.md — zram section, final paragraph"
"DGR-VM-004","SCRIPTED_WAITING_FOR_VM_FOOTAGE","live-vs-installed-owner-scenario","Snapchat Spotlight","30","First run: Owner scenario — live vs installed","Imagine this is the PC you already use.","Imagine this is the PC you already use. The first-run wizard changes its explanation between the live trial and an installed system. Here is the cautious way to try it.","docs/FIELD-NOTES-2026-08-15.md — zram section, final paragraph"
"DGR-VM-005","SCRIPTED_WAITING_FOR_VM_FOOTAGE","live-vs-installed-myth-check","TikTok","20","First run: Myth check — live vs installed","This is not a promise that every machine behaves the same.","This is not a promise that every machine behaves the same. What Dagric actually documents is: The first-run wizard changes its explanation between the live trial and an installed system.","docs/FIELD-NOTES-2026-08-15.md — zram section, final paragraph"
"DGR-VM-006","SCRIPTED_WAITING_FOR_VM_FOOTAGE","live-vs-installed-quiet-demo","Instagram Reels","12","First run: Quiet demo — live vs installed","Watch the workflow.","Watch the workflow. The first-run wizard changes its explanation between the live trial and an installed system.","docs/FIELD-NOTES-2026-08-15.md — zram section, final paragraph"
"DGR-VM-007","SCRIPTED_WAITING_FOR_VM_FOOTAGE","live-vs-installed-proof-card","YouTube Shorts","16","First run: Proof card — live vs installed","The first-run wizard changes its explanation between the live trial and an installed system.","The first-run wizard changes its explanation between the live trial and an installed system. The evidence path is included below so you can check it.","docs/FIELD-NOTES-2026-08-15.md — zram section, final paragraph"
"DGR-VM-008","SCRIPTED_WAITING_FOR_VM_FOOTAGE","live-vs-installed-before-you-install","Snapchat Spotlight","27","First run: Before you install — live vs installed","Before you install anything, this is worth checking on your own hardware: The first-run wizard changes its explanation between the live trial and an installed system.","Before you install anything, this is worth checking on your own hardware: The first-run wizard changes its explanation between the live trial and an installed system.","docs/FIELD-NOTES-2026-08-15.md — zram section, final paragraph"
"DGR-VM-009","SCRIPTED_WAITING_FOR_VM_FOOTAGE","live-vs-installed-honest-limitation","TikTok","22","First run: Honest limitation — live vs installed","The useful feature is real, and so is the boundary.","The useful feature is real, and so is the boundary. The first-run wizard changes its explanation between the live trial and an installed system. We will show both.","docs/FIELD-NOTES-2026-08-15.md — zram section, final paragraph"
"DGR-VM-010","SCRIPTED_WAITING_FOR_VM_FOOTAGE","live-vs-installed-founder-voice","Instagram Reels","36","First run: Founder-style voice — live vs installed","We built this for people who want to understand what their computer is doing.","We built this for people who want to understand what their computer is doing. The first-run wizard changes its explanation between the live trial and an installed system. Here is the real interface, not a mockup.","docs/FIELD-NOTES-2026-08-15.md — zram section, final paragraph"
"DGR-VM-011","SCRIPTED_WAITING_FOR_VM_FOOTAGE","appearance-auto-revert-human-question","YouTube Shorts","18","Appearance: Human question — appearance auto revert","You might be wondering, “Appearance previews are not kept until Keep is pressed, and an unconfirmed change reverts after twenty seconds.” Let’s look at the actual screen and the limitation that goes with it.","You might be wondering, “Appearance previews are not kept until Keep is pressed, and an unconfirmed change reverts after twenty seconds.” Let’s look at the actual screen and the limitation that goes with it.","docs/EDITIONS.md — Dagric Appearance"
"DGR-VM-012","SCRIPTED_WAITING_FOR_VM_FOOTAGE","appearance-auto-revert-screen-first","Snapchat Spotlight","14","Appearance: Screen first — appearance auto revert","Here it is on a running Dagric system: Appearance previews are not kept until Keep is pressed, and an unconfirmed change reverts after twenty seconds.","Here it is on a running Dagric system: Appearance previews are not kept until Keep is pressed, and an unconfirmed change reverts after twenty seconds.","docs/EDITIONS.md — Dagric Appearance"
"DGR-VM-013","SCRIPTED_WAITING_FOR_VM_FOOTAGE","appearance-auto-revert-three-beats","TikTok","24","Appearance: Three-beat explainer — appearance auto revert","Three quick beats: what it is, where it lives, and what you should verify yourself.","Three quick beats: what it is, where it lives, and what you should verify yourself. Appearance previews are not kept until Keep is pressed, and an unconfirmed change reverts after twenty seconds.","docs/EDITIONS.md — Dagric Appearance"
"DGR-VM-014","SCRIPTED_WAITING_FOR_VM_FOOTAGE","appearance-auto-revert-owner-scenario","Instagram Reels","30","Appearance: Owner scenario — appearance auto revert","Imagine this is the PC you already use.","Imagine this is the PC you already use. Appearance previews are not kept until Keep is pressed, and an unconfirmed change reverts after twenty seconds. Here is the cautious way to try it.","docs/EDITIONS.md — Dagric Appearance"
"DGR-VM-015","SCRIPTED_WAITING_FOR_VM_FOOTAGE","appearance-auto-revert-myth-check","YouTube Shorts","20","Appearance: Myth check — appearance auto revert","This is not a promise that every machine behaves the same.","This is not a promise that every machine behaves the same. What Dagric actually documents is: Appearance previews are not kept until Keep is pressed, and an unconfirmed change reverts after twenty seconds.","docs/EDITIONS.md — Dagric Appearance"
"DGR-VM-016","SCRIPTED_WAITING_FOR_VM_FOOTAGE","appearance-auto-revert-quiet-demo","Snapchat Spotlight","12","Appearance: Quiet demo — appearance auto revert","Watch the workflow.","Watch the workflow. Appearance previews are not kept until Keep is pressed, and an unconfirmed change reverts after twenty seconds.","docs/EDITIONS.md — Dagric Appearance"
"DGR-VM-017","SCRIPTED_WAITING_FOR_VM_FOOTAGE","appearance-auto-revert-proof-card","TikTok","16","Appearance: Proof card — appearance auto revert","Appearance previews are not kept until Keep is pressed, and an unconfirmed change reverts after twenty seconds.","Appearance previews are not kept until Keep is pressed, and an unconfirmed change reverts after twenty seconds. The evidence path is included below so you can check it.","docs/EDITIONS.md — Dagric Appearance"
"DGR-VM-018","SCRIPTED_WAITING_FOR_VM_FOOTAGE","appearance-auto-revert-before-you-install","Instagram Reels","27","Appearance: Before you install — appearance auto revert","Before you install anything, this is worth checking on your own hardware: Appearance previews are not kept until Keep is pressed, and an unconfirmed change reverts after twenty seconds.","Before you install anything, this is worth checking on your own hardware: Appearance previews are not kept until Keep is pressed, and an unconfirmed change reverts after twenty seconds.","docs/EDITIONS.md — Dagric Appearance"
"DGR-VM-019","SCRIPTED_WAITING_FOR_VM_FOOTAGE","appearance-auto-revert-honest-limitation","YouTube Shorts","22","Appearance: Honest limitation — appearance auto revert","The useful feature is real, and so is the boundary.","The useful feature is real, and so is the boundary. Appearance previews are not kept until Keep is pressed, and an unconfirmed change reverts after twenty seconds. We will show both.","docs/EDITIONS.md — Dagric Appearance"
"DGR-VM-020","SCRIPTED_WAITING_FOR_VM_FOOTAGE","appearance-auto-revert-founder-voice","Snapchat Spotlight","36","Appearance: Founder-style voice — appearance auto revert","We built this for people who want to understand what their computer is doing.","We built this for people who want to understand what their computer is doing. Appearance previews are not kept until Keep is pressed, and an unconfirmed change reverts after twenty seconds. Here is the real interface, not a mockup.","docs/EDITIONS.md — Dagric Appearance"
"DGR-VM-021","SCRIPTED_WAITING_FOR_VM_FOOTAGE","styles-and-layouts-human-question","TikTok","18","Appearance: Human question — styles and layouts","You might be wondering, “Free includes four styles and Pro includes seven; layouts change the arrangement without rebuilding the workspace.” Let’s look at the actual screen and the limitation that goes with it.","You might be wondering, “Free includes four styles and Pro includes seven; layouts change the arrangement without rebuilding the workspace.” Let’s look at the actual screen and the limitation that goes with it.","docs/EDITIONS.md — Dagric OS (free)"
"DGR-VM-022","SCRIPTED_WAITING_FOR_VM_FOOTAGE","styles-and-layouts-screen-first","Instagram Reels","14","Appearance: Screen first — styles and layouts","Here it is on a running Dagric system: Free includes four styles and Pro includes seven; layouts change the arrangement without rebuilding the workspace.","Here it is on a running Dagric system: Free includes four styles and Pro includes seven; layouts change the arrangement without rebuilding the workspace.","docs/EDITIONS.md — Dagric OS (free)"
"DGR-VM-023","SCRIPTED_WAITING_FOR_VM_FOOTAGE","styles-and-layouts-three-beats","YouTube Shorts","24","Appearance: Three-beat explainer — styles and layouts","Three quick beats: what it is, where it lives, and what you should verify yourself.","Three quick beats: what it is, where it lives, and what you should verify yourself. Free includes four styles and Pro includes seven; layouts change the arrangement without rebuilding the workspace.","docs/EDITIONS.md — Dagric OS (free)"
"DGR-VM-024","SCRIPTED_WAITING_FOR_VM_FOOTAGE","styles-and-layouts-owner-scenario","Snapchat Spotlight","30","Appearance: Owner scenario — styles and layouts","Imagine this is the PC you already use.","Imagine this is the PC you already use. Free includes four styles and Pro includes seven; layouts change the arrangement without rebuilding the workspace. Here is the cautious way to try it.","docs/EDITIONS.md — Dagric OS (free)"
"DGR-VM-025","SCRIPTED_WAITING_FOR_VM_FOOTAGE","styles-and-layouts-myth-check","TikTok","20","Appearance: Myth check — styles and layouts","This is not a promise that every machine behaves the same.","This is not a promise that every machine behaves the same. What Dagric actually documents is: Free includes four styles and Pro includes seven; layouts change the arrangement without rebuilding the workspace.","docs/EDITIONS.md — Dagric OS (free)"
"DGR-VM-026","SCRIPTED_WAITING_FOR_VM_FOOTAGE","styles-and-layouts-quiet-demo","Instagram Reels","12","Appearance: Quiet demo — styles and layouts","Watch the workflow.","Watch the workflow. Free includes four styles and Pro includes seven; layouts change the arrangement without rebuilding the workspace.","docs/EDITIONS.md — Dagric OS (free)"
"DGR-VM-027","SCRIPTED_WAITING_FOR_VM_FOOTAGE","styles-and-layouts-proof-card","YouTube Shorts","16","Appearance: Proof card — styles and layouts","Free includes four styles and Pro includes seven; layouts change the arrangement without rebuilding the workspace.","Free includes four styles and Pro includes seven; layouts change the arrangement without rebuilding the workspace. The evidence path is included below so you can check it.","docs/EDITIONS.md — Dagric OS (free)"
"DGR-VM-028","SCRIPTED_WAITING_FOR_VM_FOOTAGE","styles-and-layouts-before-you-install","Snapchat Spotlight","27","Appearance: Before you install — styles and layouts","Before you install anything, this is worth checking on your own hardware: Free includes four styles and Pro includes seven; layouts change the arrangement without rebuilding the workspace.","Before you install anything, this is worth checking on your own hardware: Free includes four styles and Pro includes seven; layouts change the arrangement without rebuilding the workspace.","docs/EDITIONS.md — Dagric OS (free)"
"DGR-VM-029","SCRIPTED_WAITING_FOR_VM_FOOTAGE","styles-and-layouts-honest-limitation","TikTok","22","Appearance: Honest limitation — styles and layouts","The useful feature is real, and so is the boundary.","The useful feature is real, and so is the boundary. Free includes four styles and Pro includes seven; layouts change the arrangement without rebuilding the workspace. We will show both.","docs/EDITIONS.md — Dagric OS (free)"
"DGR-VM-030","SCRIPTED_WAITING_FOR_VM_FOOTAGE","styles-and-layouts-founder-voice","Instagram Reels","36","Appearance: Founder-style voice — styles and layouts","We built this for people who want to understand what their computer is doing.","We built this for people who want to understand what their computer is doing. Free includes four styles and Pro includes seven; layouts change the arrangement without rebuilding the workspace. Here is the real interface, not a mockup.","docs/EDITIONS.md — Dagric OS (free)"
"DGR-VM-031","SCRIPTED_WAITING_FOR_VM_FOOTAGE","wallpaper-packs-human-question","YouTube Shorts","18","Appearance: Human question — wallpaper packs","You might be wondering, “Dagric ships thirty-four wallpaper packs, including fourteen logo-free Clean variants.” Let’s look at the actual screen and the limitation that goes with it.","You might be wondering, “Dagric ships thirty-four wallpaper packs, including fourteen logo-free Clean variants.” Let’s look at the actual screen and the limitation that goes with it.","docs/EDITIONS.md — Dagric OS (free)"
"DGR-VM-032","SCRIPTED_WAITING_FOR_VM_FOOTAGE","wallpaper-packs-screen-first","Snapchat Spotlight","14","Appearance: Screen first — wallpaper packs","Here it is on a running Dagric system: Dagric ships thirty-four wallpaper packs, including fourteen logo-free Clean variants.","Here it is on a running Dagric system: Dagric ships thirty-four wallpaper packs, including fourteen logo-free Clean variants.","docs/EDITIONS.md — Dagric OS (free)"
"DGR-VM-033","SCRIPTED_WAITING_FOR_VM_FOOTAGE","wallpaper-packs-three-beats","TikTok","24","Appearance: Three-beat explainer — wallpaper packs","Three quick beats: what it is, where it lives, and what you should verify yourself.","Three quick beats: what it is, where it lives, and what you should verify yourself. Dagric ships thirty-four wallpaper packs, including fourteen logo-free Clean variants.","docs/EDITIONS.md — Dagric OS (free)"
"DGR-VM-034","SCRIPTED_WAITING_FOR_VM_FOOTAGE","wallpaper-packs-owner-scenario","Instagram Reels","30","Appearance: Owner scenario — wallpaper packs","Imagine this is the PC you already use.","Imagine this is the PC you already use. Dagric ships thirty-four wallpaper packs, including fourteen logo-free Clean variants. Here is the cautious way to try it.","docs/EDITIONS.md — Dagric OS (free)"
"DGR-VM-035","SCRIPTED_WAITING_FOR_VM_FOOTAGE","wallpaper-packs-myth-check","YouTube Shorts","20","Appearance: Myth check — wallpaper packs","This is not a promise that every machine behaves the same.","This is not a promise that every machine behaves the same. What Dagric actually documents is: Dagric ships thirty-four wallpaper packs, including fourteen logo-free Clean variants.","docs/EDITIONS.md — Dagric OS (free)"
"DGR-VM-036","SCRIPTED_WAITING_FOR_VM_FOOTAGE","wallpaper-packs-quiet-demo","Snapchat Spotlight","12","Appearance: Quiet demo — wallpaper packs","Watch the workflow.","Watch the workflow. Dagric ships thirty-four wallpaper packs, including fourteen logo-free Clean variants.","docs/EDITIONS.md — Dagric OS (free)"
"DGR-VM-037","SCRIPTED_WAITING_FOR_VM_FOOTAGE","wallpaper-packs-proof-card","TikTok","16","Appearance: Proof card — wallpaper packs","Dagric ships thirty-four wallpaper packs, including fourteen logo-free Clean variants.","Dagric ships thirty-four wallpaper packs, including fourteen logo-free Clean variants. The evidence path is included below so you can check it.","docs/EDITIONS.md — Dagric OS (free)"
"DGR-VM-038","SCRIPTED_WAITING_FOR_VM_FOOTAGE","wallpaper-packs-before-you-install","Instagram Reels","27","Appearance: Before you install — wallpaper packs","Before you install anything, this is worth checking on your own hardware: Dagric ships thirty-four wallpaper packs, including fourteen logo-free Clean variants.","Before you install anything, this is worth checking on your own hardware: Dagric ships thirty-four wallpaper packs, including fourteen logo-free Clean variants.","docs/EDITIONS.md — Dagric OS (free)"
"DGR-VM-039","SCRIPTED_WAITING_FOR_VM_FOOTAGE","wallpaper-packs-honest-limitation","YouTube Shorts","22","Appearance: Honest limitation — wallpaper packs","The useful feature is real, and so is the boundary.","The useful feature is real, and so is the boundary. Dagric ships thirty-four wallpaper packs, including fourteen logo-free Clean variants. We will show both.","docs/EDITIONS.md — Dagric OS (free)"
"DGR-VM-040","SCRIPTED_WAITING_FOR_VM_FOOTAGE","wallpaper-packs-founder-voice","Snapchat Spotlight","36","Appearance: Founder-style voice — wallpaper packs","We built this for people who want to understand what their computer is doing.","We built this for people who want to understand what their computer is doing. Dagric ships thirty-four wallpaper packs, including fourteen logo-free Clean variants. Here is the real interface, not a mockup.","docs/EDITIONS.md — Dagric OS (free)"
"DGR-VM-041","SCRIPTED_WAITING_FOR_VM_FOOTAGE","accessible-live-boot-human-question","TikTok","18","Accessibility: Human question — accessible live boot","You might be wondering, “The live ISO includes a screen-reader boot entry directly under the default entry.” Let’s look at the actual screen and the limitation that goes with it.","You might be wondering, “The live ISO includes a screen-reader boot entry directly under the default entry.” Let’s look at the actual screen and the limitation that goes with it.","docs/EDITIONS.md — Accessibility"
"DGR-VM-042","SCRIPTED_WAITING_FOR_VM_FOOTAGE","accessible-live-boot-screen-first","Instagram Reels","14","Accessibility: Screen first — accessible live boot","Here it is on a running Dagric system: The live ISO includes a screen-reader boot entry directly under the default entry.","Here it is on a running Dagric system: The live ISO includes a screen-reader boot entry directly under the default entry.","docs/EDITIONS.md — Accessibility"
"DGR-VM-043","SCRIPTED_WAITING_FOR_VM_FOOTAGE","accessible-live-boot-three-beats","YouTube Shorts","24","Accessibility: Three-beat explainer — accessible live boot","Three quick beats: what it is, where it lives, and what you should verify yourself.","Three quick beats: what it is, where it lives, and what you should verify yourself. The live ISO includes a screen-reader boot entry directly under the default entry.","docs/EDITIONS.md — Accessibility"
"DGR-VM-044","SCRIPTED_WAITING_FOR_VM_FOOTAGE","accessible-live-boot-owner-scenario","Snapchat Spotlight","30","Accessibility: Owner scenario — accessible live boot","Imagine this is the PC you already use.","Imagine this is the PC you already use. The live ISO includes a screen-reader boot entry directly under the default entry. Here is the cautious way to try it.","docs/EDITIONS.md — Accessibility"
"DGR-VM-045","SCRIPTED_WAITING_FOR_VM_FOOTAGE","accessible-live-boot-myth-check","TikTok","20","Accessibility: Myth check — accessible live boot","This is not a promise that every machine behaves the same.","This is not a promise that every machine behaves the same. What Dagric actually documents is: The live ISO includes a screen-reader boot entry directly under the default entry.","docs/EDITIONS.md — Accessibility"
"DGR-VM-046","SCRIPTED_WAITING_FOR_VM_FOOTAGE","accessible-live-boot-quiet-demo","Instagram Reels","12","Accessibility: Quiet demo — accessible live boot","Watch the workflow.","Watch the workflow. The live ISO includes a screen-reader boot entry directly under the default entry.","docs/EDITIONS.md — Accessibility"
"DGR-VM-047","SCRIPTED_WAITING_FOR_VM_FOOTAGE","accessible-live-boot-proof-card","YouTube Shorts","16","Accessibility: Proof card — accessible live boot","The live ISO includes a screen-reader boot entry directly under the default entry.","The live ISO includes a screen-reader boot entry directly under the default entry. The evidence path is included below so you can check it.","docs/EDITIONS.md — Accessibility"
"DGR-VM-048","SCRIPTED_WAITING_FOR_VM_FOOTAGE","accessible-live-boot-before-you-install","Snapchat Spotlight","27","Accessibility: Before you install — accessible live boot","Before you install anything, this is worth checking on your own hardware: The live ISO includes a screen-reader boot entry directly under the default entry.","Before you install anything, this is worth checking on your own hardware: The live ISO includes a screen-reader boot entry directly under the default entry.","docs/EDITIONS.md — Accessibility"
"DGR-VM-049","SCRIPTED_WAITING_FOR_VM_FOOTAGE","accessible-live-boot-honest-limitation","TikTok","22","Accessibility: Honest limitation — accessible live boot","The useful feature is real, and so is the boundary.","The useful feature is real, and so is the boundary. The live ISO includes a screen-reader boot entry directly under the default entry. We will show both.","docs/EDITIONS.md — Accessibility"
"DGR-VM-050","SCRIPTED_WAITING_FOR_VM_FOOTAGE","accessible-live-boot-founder-voice","Instagram Reels","36","Accessibility: Founder-style voice — accessible live boot","We built this for people who want to understand what their computer is doing.","We built this for people who want to understand what their computer is doing. The live ISO includes a screen-reader boot entry directly under the default entry. Here is the real interface, not a mockup.","docs/EDITIONS.md — Accessibility"
"DGR-VM-051","SCRIPTED_WAITING_FOR_VM_FOOTAGE","screen-reader-shortcut-human-question","YouTube Shorts","18","Accessibility: Human question — screen reader shortcut","You might be wondering, “Meta+Alt+S toggles the Orca screen reader in the desktop session.” Let’s look at the actual screen and the limitation that goes with it.","You might be wondering, “Meta+Alt+S toggles the Orca screen reader in the desktop session.” Let’s look at the actual screen and the limitation that goes with it.","docs/EDITIONS.md — Accessibility"
"DGR-VM-052","SCRIPTED_WAITING_FOR_VM_FOOTAGE","screen-reader-shortcut-screen-first","Snapchat Spotlight","14","Accessibility: Screen first — screen reader shortcut","Here it is on a running Dagric system: Meta+Alt+S toggles the Orca screen reader in the desktop session.","Here it is on a running Dagric system: Meta+Alt+S toggles the Orca screen reader in the desktop session.","docs/EDITIONS.md — Accessibility"
"DGR-VM-053","SCRIPTED_WAITING_FOR_VM_FOOTAGE","screen-reader-shortcut-three-beats","TikTok","24","Accessibility: Three-beat explainer — screen reader shortcut","Three quick beats: what it is, where it lives, and what you should verify yourself.","Three quick beats: what it is, where it lives, and what you should verify yourself. Meta+Alt+S toggles the Orca screen reader in the desktop session.","docs/EDITIONS.md — Accessibility"
"DGR-VM-054","SCRIPTED_WAITING_FOR_VM_FOOTAGE","screen-reader-shortcut-owner-scenario","Instagram Reels","30","Accessibility: Owner scenario — screen reader shortcut","Imagine this is the PC you already use.","Imagine this is the PC you already use. Meta+Alt+S toggles the Orca screen reader in the desktop session. Here is the cautious way to try it.","docs/EDITIONS.md — Accessibility"
"DGR-VM-055","SCRIPTED_WAITING_FOR_VM_FOOTAGE","screen-reader-shortcut-myth-check","YouTube Shorts","20","Accessibility: Myth check — screen reader shortcut","This is not a promise that every machine behaves the same.","This is not a promise that every machine behaves the same. What Dagric actually documents is: Meta+Alt+S toggles the Orca screen reader in the desktop session.","docs/EDITIONS.md — Accessibility"
"DGR-VM-056","SCRIPTED_WAITING_FOR_VM_FOOTAGE","screen-reader-shortcut-quiet-demo","Snapchat Spotlight","12","Accessibility: Quiet demo — screen reader shortcut","Watch the workflow.","Watch the workflow. Meta+Alt+S toggles the Orca screen reader in the desktop session.","docs/EDITIONS.md — Accessibility"
"DGR-VM-057","SCRIPTED_WAITING_FOR_VM_FOOTAGE","screen-reader-shortcut-proof-card","TikTok","16","Accessibility: Proof card — screen reader shortcut","Meta+Alt+S toggles the Orca screen reader in the desktop session.","Meta+Alt+S toggles the Orca screen reader in the desktop session. The evidence path is included below so you can check it.","docs/EDITIONS.md — Accessibility"
"DGR-VM-058","SCRIPTED_WAITING_FOR_VM_FOOTAGE","screen-reader-shortcut-before-you-install","Instagram Reels","27","Accessibility: Before you install — screen reader shortcut","Before you install anything, this is worth checking on your own hardware: Meta+Alt+S toggles the Orca screen reader in the desktop session.","Before you install anything, this is worth checking on your own hardware: Meta+Alt+S toggles the Orca screen reader in the desktop session.","docs/EDITIONS.md — Accessibility"
"DGR-VM-059","SCRIPTED_WAITING_FOR_VM_FOOTAGE","screen-reader-shortcut-honest-limitation","YouTube Shorts","22","Accessibility: Honest limitation — screen reader shortcut","The useful feature is real, and so is the boundary.","The useful feature is real, and so is the boundary. Meta+Alt+S toggles the Orca screen reader in the desktop session. We will show both.","docs/EDITIONS.md — Accessibility"
"DGR-VM-060","SCRIPTED_WAITING_FOR_VM_FOOTAGE","screen-reader-shortcut-founder-voice","Snapchat Spotlight","36","Accessibility: Founder-style voice — screen reader shortcut","We built this for people who want to understand what their computer is doing.","We built this for people who want to understand what their computer is doing. Meta+Alt+S toggles the Orca screen reader in the desktop session. Here is the real interface, not a mockup.","docs/EDITIONS.md — Accessibility"
"DGR-VM-061","SCRIPTED_WAITING_FOR_VM_FOOTAGE","high-contrast-style-human-question","TikTok","18","Accessibility: Human question — high contrast style","You might be wondering, “The High Contrast style is in Free and its measured color pairs pass a 7:1 build-time threshold.” Let’s look at the actual screen and the limitation that goes with it.","You might be wondering, “The High Contrast style is in Free and its measured color pairs pass a 7:1 build-time threshold.” Let’s look at the actual screen and the limitation that goes with it.","docs/EDITIONS.md — Accessibility"
"DGR-VM-062","SCRIPTED_WAITING_FOR_VM_FOOTAGE","high-contrast-style-screen-first","Instagram Reels","14","Accessibility: Screen first — high contrast style","Here it is on a running Dagric system: The High Contrast style is in Free and its measured color pairs pass a 7:1 build-time threshold.","Here it is on a running Dagric system: The High Contrast style is in Free and its measured color pairs pass a 7:1 build-time threshold.","docs/EDITIONS.md — Accessibility"
"DGR-VM-063","SCRIPTED_WAITING_FOR_VM_FOOTAGE","high-contrast-style-three-beats","YouTube Shorts","24","Accessibility: Three-beat explainer — high contrast style","Three quick beats: what it is, where it lives, and what you should verify yourself.","Three quick beats: what it is, where it lives, and what you should verify yourself. The High Contrast style is in Free and its measured color pairs pass a 7:1 build-time threshold.","docs/EDITIONS.md — Accessibility"
"DGR-VM-064","SCRIPTED_WAITING_FOR_VM_FOOTAGE","high-contrast-style-owner-scenario","Snapchat Spotlight","30","Accessibility: Owner scenario — high contrast style","Imagine this is the PC you already use.","Imagine this is the PC you already use. The High Contrast style is in Free and its measured color pairs pass a 7:1 build-time threshold. Here is the cautious way to try it.","docs/EDITIONS.md — Accessibility"
"DGR-VM-065","SCRIPTED_WAITING_FOR_VM_FOOTAGE","high-contrast-style-myth-check","TikTok","20","Accessibility: Myth check — high contrast style","This is not a promise that every machine behaves the same.","This is not a promise that every machine behaves the same. What Dagric actually documents is: The High Contrast style is in Free and its measured color pairs pass a 7:1 build-time threshold.","docs/EDITIONS.md — Accessibility"
"DGR-VM-066","SCRIPTED_WAITING_FOR_VM_FOOTAGE","high-contrast-style-quiet-demo","Instagram Reels","12","Accessibility: Quiet demo — high contrast style","Watch the workflow.","Watch the workflow. The High Contrast style is in Free and its measured color pairs pass a 7:1 build-time threshold.","docs/EDITIONS.md — Accessibility"
"DGR-VM-067","SCRIPTED_WAITING_FOR_VM_FOOTAGE","high-contrast-style-proof-card","YouTube Shorts","16","Accessibility: Proof card — high contrast style","The High Contrast style is in Free and its measured color pairs pass a 7:1 build-time threshold.","The High Contrast style is in Free and its measured color pairs pass a 7:1 build-time threshold. The evidence path is included below so you can check it.","docs/EDITIONS.md — Accessibility"
"DGR-VM-068","SCRIPTED_WAITING_FOR_VM_FOOTAGE","high-contrast-style-before-you-install","Snapchat Spotlight","27","Accessibility: Before you install — high contrast style","Before you install anything, this is worth checking on your own hardware: The High Contrast style is in Free and its measured color pairs pass a 7:1 build-time threshold.","Before you install anything, this is worth checking on your own hardware: The High Contrast style is in Free and its measured color pairs pass a 7:1 build-time threshold.","docs/EDITIONS.md — Accessibility"
"DGR-VM-069","SCRIPTED_WAITING_FOR_VM_FOOTAGE","high-contrast-style-honest-limitation","TikTok","22","Accessibility: Honest limitation — high contrast style","The useful feature is real, and so is the boundary.","The useful feature is real, and so is the boundary. The High Contrast style is in Free and its measured color pairs pass a 7:1 build-time threshold. We will show both.","docs/EDITIONS.md — Accessibility"
"DGR-VM-070","SCRIPTED_WAITING_FOR_VM_FOOTAGE","high-contrast-style-founder-voice","Instagram Reels","36","Accessibility: Founder-style voice — high contrast style","We built this for people who want to understand what their computer is doing.","We built this for people who want to understand what their computer is doing. The High Contrast style is in Free and its measured color pairs pass a 7:1 build-time threshold. Here is the real interface, not a mockup.","docs/EDITIONS.md — Accessibility"
"DGR-VM-071","SCRIPTED_WAITING_FOR_VM_FOOTAGE","offline-help-human-question","YouTube Shorts","18","Documentation: Human question — offline help","You might be wondering, “Dagric includes an offline manual and guide that work without a network connection.” Let’s look at the actual screen and the limitation that goes with it.","You might be wondering, “Dagric includes an offline manual and guide that work without a network connection.” Let’s look at the actual screen and the limitation that goes with it.","docs/FIELD-NOTES-2026-08-15.md — What already works"
"DGR-VM-072","SCRIPTED_WAITING_FOR_VM_FOOTAGE","offline-help-screen-first","Snapchat Spotlight","14","Documentation: Screen first — offline help","Here it is on a running Dagric system: Dagric includes an offline manual and guide that work without a network connection.","Here it is on a running Dagric system: Dagric includes an offline manual and guide that work without a network connection.","docs/FIELD-NOTES-2026-08-15.md — What already works"
"DGR-VM-073","SCRIPTED_WAITING_FOR_VM_FOOTAGE","offline-help-three-beats","TikTok","24","Documentation: Three-beat explainer — offline help","Three quick beats: what it is, where it lives, and what you should verify yourself.","Three quick beats: what it is, where it lives, and what you should verify yourself. Dagric includes an offline manual and guide that work without a network connection.","docs/FIELD-NOTES-2026-08-15.md — What already works"
"DGR-VM-074","SCRIPTED_WAITING_FOR_VM_FOOTAGE","offline-help-owner-scenario","Instagram Reels","30","Documentation: Owner scenario — offline help","Imagine this is the PC you already use.","Imagine this is the PC you already use. Dagric includes an offline manual and guide that work without a network connection. Here is the cautious way to try it.","docs/FIELD-NOTES-2026-08-15.md — What already works"
"DGR-VM-075","SCRIPTED_WAITING_FOR_VM_FOOTAGE","offline-help-myth-check","YouTube Shorts","20","Documentation: Myth check — offline help","This is not a promise that every machine behaves the same.","This is not a promise that every machine behaves the same. What Dagric actually documents is: Dagric includes an offline manual and guide that work without a network connection.","docs/FIELD-NOTES-2026-08-15.md — What already works"
"DGR-VM-076","SCRIPTED_WAITING_FOR_VM_FOOTAGE","offline-help-quiet-demo","Snapchat Spotlight","12","Documentation: Quiet demo — offline help","Watch the workflow.","Watch the workflow. Dagric includes an offline manual and guide that work without a network connection.","docs/FIELD-NOTES-2026-08-15.md — What already works"
"DGR-VM-077","SCRIPTED_WAITING_FOR_VM_FOOTAGE","offline-help-proof-card","TikTok","16","Documentation: Proof card — offline help","Dagric includes an offline manual and guide that work without a network connection.","Dagric includes an offline manual and guide that work without a network connection. The evidence path is included below so you can check it.","docs/FIELD-NOTES-2026-08-15.md — What already works"
"DGR-VM-078","SCRIPTED_WAITING_FOR_VM_FOOTAGE","offline-help-before-you-install","Instagram Reels","27","Documentation: Before you install — offline help","Before you install anything, this is worth checking on your own hardware: Dagric includes an offline manual and guide that work without a network connection.","Before you install anything, this is worth checking on your own hardware: Dagric includes an offline manual and guide that work without a network connection.","docs/FIELD-NOTES-2026-08-15.md — What already works"
"DGR-VM-079","SCRIPTED_WAITING_FOR_VM_FOOTAGE","offline-help-honest-limitation","YouTube Shorts","22","Documentation: Honest limitation — offline help","The useful feature is real, and so is the boundary.","The useful feature is real, and so is the boundary. Dagric includes an offline manual and guide that work without a network connection. We will show both.","docs/FIELD-NOTES-2026-08-15.md — What already works"
"DGR-VM-080","SCRIPTED_WAITING_FOR_VM_FOOTAGE","offline-help-founder-voice","Snapchat Spotlight","36","Documentation: Founder-style voice — offline help","We built this for people who want to understand what their computer is doing.","We built this for people who want to understand what their computer is doing. Dagric includes an offline manual and guide that work without a network connection. Here is the real interface, not a mockup.","docs/FIELD-NOTES-2026-08-15.md — What already works"
"DGR-VM-081","SCRIPTED_WAITING_FOR_VM_FOOTAGE","task-manager-shortcut-human-question","TikTok","18","Familiar controls: Human question — task manager shortcut","You might be wondering, “Ctrl+Shift+Esc opens the Task Manager; Ctrl+Esc is not advertised because Plasma 6 does not bind it.” Let’s look at the actual screen and the limitation that goes with it.","You might be wondering, “Ctrl+Shift+Esc opens the Task Manager; Ctrl+Esc is not advertised because Plasma 6 does not bind it.” Let’s look at the actual screen and the limitation that goes with it.","docs/EDITIONS.md — The first hour"
"DGR-VM-082","SCRIPTED_WAITING_FOR_VM_FOOTAGE","task-manager-shortcut-screen-first","Instagram Reels","14","Familiar controls: Screen first — task manager shortcut","Here it is on a running Dagric system: Ctrl+Shift+Esc opens the Task Manager; Ctrl+Esc is not advertised because Plasma 6 does not bind it.","Here it is on a running Dagric system: Ctrl+Shift+Esc opens the Task Manager; Ctrl+Esc is not advertised because Plasma 6 does not bind it.","docs/EDITIONS.md — The first hour"
"DGR-VM-083","SCRIPTED_WAITING_FOR_VM_FOOTAGE","task-manager-shortcut-three-beats","YouTube Shorts","24","Familiar controls: Three-beat explainer — task manager shortcut","Three quick beats: what it is, where it lives, and what you should verify yourself.","Three quick beats: what it is, where it lives, and what you should verify yourself. Ctrl+Shift+Esc opens the Task Manager; Ctrl+Esc is not advertised because Plasma 6 does not bind it.","docs/EDITIONS.md — The first hour"
"DGR-VM-084","SCRIPTED_WAITING_FOR_VM_FOOTAGE","task-manager-shortcut-owner-scenario","Snapchat Spotlight","30","Familiar controls: Owner scenario — task manager shortcut","Imagine this is the PC you already use.","Imagine this is the PC you already use. Ctrl+Shift+Esc opens the Task Manager; Ctrl+Esc is not advertised because Plasma 6 does not bind it. Here is the cautious way to try it.","docs/EDITIONS.md — The first hour"
"DGR-VM-085","SCRIPTED_WAITING_FOR_VM_FOOTAGE","task-manager-shortcut-myth-check","TikTok","20","Familiar controls: Myth check — task manager shortcut","This is not a promise that every machine behaves the same.","This is not a promise that every machine behaves the same. What Dagric actually documents is: Ctrl+Shift+Esc opens the Task Manager; Ctrl+Esc is not advertised because Plasma 6 does not bind it.","docs/EDITIONS.md — The first hour"
"DGR-VM-086","SCRIPTED_WAITING_FOR_VM_FOOTAGE","task-manager-shortcut-quiet-demo","Instagram Reels","12","Familiar controls: Quiet demo — task manager shortcut","Watch the workflow.","Watch the workflow. Ctrl+Shift+Esc opens the Task Manager; Ctrl+Esc is not advertised because Plasma 6 does not bind it.","docs/EDITIONS.md — The first hour"
"DGR-VM-087","SCRIPTED_WAITING_FOR_VM_FOOTAGE","task-manager-shortcut-proof-card","YouTube Shorts","16","Familiar controls: Proof card — task manager shortcut","Ctrl+Shift+Esc opens the Task Manager; Ctrl+Esc is not advertised because Plasma 6 does not bind it.","Ctrl+Shift+Esc opens the Task Manager; Ctrl+Esc is not advertised because Plasma 6 does not bind it. The evidence path is included below so you can check it.","docs/EDITIONS.md — The first hour"
"DGR-VM-088","SCRIPTED_WAITING_FOR_VM_FOOTAGE","task-manager-shortcut-before-you-install","Snapchat Spotlight","27","Familiar controls: Before you install — task manager shortcut","Before you install anything, this is worth checking on your own hardware: Ctrl+Shift+Esc opens the Task Manager; Ctrl+Esc is not advertised because Plasma 6 does not bind it.","Before you install anything, this is worth checking on your own hardware: Ctrl+Shift+Esc opens the Task Manager; Ctrl+Esc is not advertised because Plasma 6 does not bind it.","docs/EDITIONS.md — The first hour"
"DGR-VM-089","SCRIPTED_WAITING_FOR_VM_FOOTAGE","task-manager-shortcut-honest-limitation","TikTok","22","Familiar controls: Honest limitation — task manager shortcut","The useful feature is real, and so is the boundary.","The useful feature is real, and so is the boundary. Ctrl+Shift+Esc opens the Task Manager; Ctrl+Esc is not advertised because Plasma 6 does not bind it. We will show both.","docs/EDITIONS.md — The first hour"
"DGR-VM-090","SCRIPTED_WAITING_FOR_VM_FOOTAGE","task-manager-shortcut-founder-voice","Instagram Reels","36","Familiar controls: Founder-style voice — task manager shortcut","We built this for people who want to understand what their computer is doing.","We built this for people who want to understand what their computer is doing. Ctrl+Shift+Esc opens the Task Manager; Ctrl+Esc is not advertised because Plasma 6 does not bind it. Here is the real interface, not a mockup.","docs/EDITIONS.md — The first hour"
"DGR-VM-091","SCRIPTED_WAITING_FOR_VM_FOOTAGE","wayland-x11-rescue-human-question","YouTube Shorts","18","Compatibility: Human question — wayland x11 rescue","You might be wondering, “Dagric offers Plasma Wayland and a functioning X11 rescue session for older graphics problems.” Let’s look at the actual screen and the limitation that goes with it.","You might be wondering, “Dagric offers Plasma Wayland and a functioning X11 rescue session for older graphics problems.” Let’s look at the actual screen and the limitation that goes with it.","docs/EDITIONS.md — Sessions"
"DGR-VM-092","SCRIPTED_WAITING_FOR_VM_FOOTAGE","wayland-x11-rescue-screen-first","Snapchat Spotlight","14","Compatibility: Screen first — wayland x11 rescue","Here it is on a running Dagric system: Dagric offers Plasma Wayland and a functioning X11 rescue session for older graphics problems.","Here it is on a running Dagric system: Dagric offers Plasma Wayland and a functioning X11 rescue session for older graphics problems.","docs/EDITIONS.md — Sessions"
"DGR-VM-093","SCRIPTED_WAITING_FOR_VM_FOOTAGE","wayland-x11-rescue-three-beats","TikTok","24","Compatibility: Three-beat explainer — wayland x11 rescue","Three quick beats: what it is, where it lives, and what you should verify yourself.","Three quick beats: what it is, where it lives, and what you should verify yourself. Dagric offers Plasma Wayland and a functioning X11 rescue session for older graphics problems.","docs/EDITIONS.md — Sessions"
"DGR-VM-094","SCRIPTED_WAITING_FOR_VM_FOOTAGE","wayland-x11-rescue-owner-scenario","Instagram Reels","30","Compatibility: Owner scenario — wayland x11 rescue","Imagine this is the PC you already use.","Imagine this is the PC you already use. Dagric offers Plasma Wayland and a functioning X11 rescue session for older graphics problems. Here is the cautious way to try it.","docs/EDITIONS.md — Sessions"
"DGR-VM-095","SCRIPTED_WAITING_FOR_VM_FOOTAGE","wayland-x11-rescue-myth-check","YouTube Shorts","20","Compatibility: Myth check — wayland x11 rescue","This is not a promise that every machine behaves the same.","This is not a promise that every machine behaves the same. What Dagric actually documents is: Dagric offers Plasma Wayland and a functioning X11 rescue session for older graphics problems.","docs/EDITIONS.md — Sessions"
"DGR-VM-096","SCRIPTED_WAITING_FOR_VM_FOOTAGE","wayland-x11-rescue-quiet-demo","Snapchat Spotlight","12","Compatibility: Quiet demo — wayland x11 rescue","Watch the workflow.","Watch the workflow. Dagric offers Plasma Wayland and a functioning X11 rescue session for older graphics problems.","docs/EDITIONS.md — Sessions"
"DGR-VM-097","SCRIPTED_WAITING_FOR_VM_FOOTAGE","wayland-x11-rescue-proof-card","TikTok","16","Compatibility: Proof card — wayland x11 rescue","Dagric offers Plasma Wayland and a functioning X11 rescue session for older graphics problems.","Dagric offers Plasma Wayland and a functioning X11 rescue session for older graphics problems. The evidence path is included below so you can check it.","docs/EDITIONS.md — Sessions"
"DGR-VM-098","SCRIPTED_WAITING_FOR_VM_FOOTAGE","wayland-x11-rescue-before-you-install","Instagram Reels","27","Compatibility: Before you install — wayland x11 rescue","Before you install anything, this is worth checking on your own hardware: Dagric offers Plasma Wayland and a functioning X11 rescue session for older graphics problems.","Before you install anything, this is worth checking on your own hardware: Dagric offers Plasma Wayland and a functioning X11 rescue session for older graphics problems.","docs/EDITIONS.md — Sessions"
"DGR-VM-099","SCRIPTED_WAITING_FOR_VM_FOOTAGE","wayland-x11-rescue-honest-limitation","YouTube Shorts","22","Compatibility: Honest limitation — wayland x11 rescue","The useful feature is real, and so is the boundary.","The useful feature is real, and so is the boundary. Dagric offers Plasma Wayland and a functioning X11 rescue session for older graphics problems. We will show both.","docs/EDITIONS.md — Sessions"
"DGR-VM-100","SCRIPTED_WAITING_FOR_VM_FOOTAGE","wayland-x11-rescue-founder-voice","Snapchat Spotlight","36","Compatibility: Founder-style voice — wayland x11 rescue","We built this for people who want to understand what their computer is doing.","We built this for people who want to understand what their computer is doing. Dagric offers Plasma Wayland and a functioning X11 rescue session for older graphics problems. Here is the real interface, not a mockup.","docs/EDITIONS.md — Sessions"
"DGR-VM-101","SCRIPTED_WAITING_FOR_VM_FOOTAGE","snapshot-pairs-human-question","TikTok","18","Recovery: Human question — snapshot pairs","You might be wondering, “On the default Btrfs installation, apt transactions create a pre/post snapshot pair and GRUB exposes snapshot recovery.” Let’s look at the actual screen and the limitation that goes with it.","You might be wondering, “On the default Btrfs installation, apt transactions create a pre/post snapshot pair and GRUB exposes snapshot recovery.” Let’s look at the actual screen and the limitation that goes with it.","docs/TEST-REPORT.md — Snapshot recovery; docs/FIELD-NOTES-2026-08-15.md"
"DGR-VM-102","SCRIPTED_WAITING_FOR_VM_FOOTAGE","snapshot-pairs-screen-first","Instagram Reels","14","Recovery: Screen first — snapshot pairs","Here it is on a running Dagric system: On the default Btrfs installation, apt transactions create a pre/post snapshot pair and GRUB exposes snapshot recovery.","Here it is on a running Dagric system: On the default Btrfs installation, apt transactions create a pre/post snapshot pair and GRUB exposes snapshot recovery.","docs/TEST-REPORT.md — Snapshot recovery; docs/FIELD-NOTES-2026-08-15.md"
"DGR-VM-103","SCRIPTED_WAITING_FOR_VM_FOOTAGE","snapshot-pairs-three-beats","YouTube Shorts","24","Recovery: Three-beat explainer — snapshot pairs","Three quick beats: what it is, where it lives, and what you should verify yourself.","Three quick beats: what it is, where it lives, and what you should verify yourself. On the default Btrfs installation, apt transactions create a pre/post snapshot pair and GRUB exposes snapshot recovery.","docs/TEST-REPORT.md — Snapshot recovery; docs/FIELD-NOTES-2026-08-15.md"
"DGR-VM-104","SCRIPTED_WAITING_FOR_VM_FOOTAGE","snapshot-pairs-owner-scenario","Snapchat Spotlight","30","Recovery: Owner scenario — snapshot pairs","Imagine this is the PC you already use.","Imagine this is the PC you already use. On the default Btrfs installation, apt transactions create a pre/post snapshot pair and GRUB exposes snapshot recovery. Here is the cautious way to try it.","docs/TEST-REPORT.md — Snapshot recovery; docs/FIELD-NOTES-2026-08-15.md"
"DGR-VM-105","SCRIPTED_WAITING_FOR_VM_FOOTAGE","snapshot-pairs-myth-check","TikTok","20","Recovery: Myth check — snapshot pairs","This is not a promise that every machine behaves the same.","This is not a promise that every machine behaves the same. What Dagric actually documents is: On the default Btrfs installation, apt transactions create a pre/post snapshot pair and GRUB exposes snapshot recovery.","docs/TEST-REPORT.md — Snapshot recovery; docs/FIELD-NOTES-2026-08-15.md"
"DGR-VM-106","SCRIPTED_WAITING_FOR_VM_FOOTAGE","snapshot-pairs-quiet-demo","Instagram Reels","12","Recovery: Quiet demo — snapshot pairs","Watch the workflow.","Watch the workflow. On the default Btrfs installation, apt transactions create a pre/post snapshot pair and GRUB exposes snapshot recovery.","docs/TEST-REPORT.md — Snapshot recovery; docs/FIELD-NOTES-2026-08-15.md"
"DGR-VM-107","SCRIPTED_WAITING_FOR_VM_FOOTAGE","snapshot-pairs-proof-card","YouTube Shorts","16","Recovery: Proof card — snapshot pairs","On the default Btrfs installation, apt transactions create a pre/post snapshot pair and GRUB exposes snapshot recovery.","On the default Btrfs installation, apt transactions create a pre/post snapshot pair and GRUB exposes snapshot recovery. The evidence path is included below so you can check it.","docs/TEST-REPORT.md — Snapshot recovery; docs/FIELD-NOTES-2026-08-15.md"
"DGR-VM-108","SCRIPTED_WAITING_FOR_VM_FOOTAGE","snapshot-pairs-before-you-install","Snapchat Spotlight","27","Recovery: Before you install — snapshot pairs","Before you install anything, this is worth checking on your own hardware: On the default Btrfs installation, apt transactions create a pre/post snapshot pair and GRUB exposes snapshot recovery.","Before you install anything, this is worth checking on your own hardware: On the default Btrfs installation, apt transactions create a pre/post snapshot pair and GRUB exposes snapshot recovery.","docs/TEST-REPORT.md — Snapshot recovery; docs/FIELD-NOTES-2026-08-15.md"
"DGR-VM-109","SCRIPTED_WAITING_FOR_VM_FOOTAGE","snapshot-pairs-honest-limitation","TikTok","22","Recovery: Honest limitation — snapshot pairs","The useful feature is real, and so is the boundary.","The useful feature is real, and so is the boundary. On the default Btrfs installation, apt transactions create a pre/post snapshot pair and GRUB exposes snapshot recovery. We will show both.","docs/TEST-REPORT.md — Snapshot recovery; docs/FIELD-NOTES-2026-08-15.md"
"DGR-VM-110","SCRIPTED_WAITING_FOR_VM_FOOTAGE","snapshot-pairs-founder-voice","Instagram Reels","36","Recovery: Founder-style voice — snapshot pairs","We built this for people who want to understand what their computer is doing.","We built this for people who want to understand what their computer is doing. On the default Btrfs installation, apt transactions create a pre/post snapshot pair and GRUB exposes snapshot recovery. Here is the real interface, not a mockup.","docs/TEST-REPORT.md — Snapshot recovery; docs/FIELD-NOTES-2026-08-15.md"
"DGR-VM-111","SCRIPTED_WAITING_FOR_VM_FOOTAGE","software-store-install-human-question","YouTube Shorts","18","Daily use: Human question — software store install","You might be wondering, “Installing an application from the Software Store was verified end to end, including the authorization prompt.” Let’s look at the actual screen and the limitation that goes with it.","You might be wondering, “Installing an application from the Software Store was verified end to end, including the authorization prompt.” Let’s look at the actual screen and the limitation that goes with it.","docs/FIELD-NOTES-2026-08-15.md — What already works"
"DGR-VM-112","SCRIPTED_WAITING_FOR_VM_FOOTAGE","software-store-install-screen-first","Snapchat Spotlight","14","Daily use: Screen first — software store install","Here it is on a running Dagric system: Installing an application from the Software Store was verified end to end, including the authorization prompt.","Here it is on a running Dagric system: Installing an application from the Software Store was verified end to end, including the authorization prompt.","docs/FIELD-NOTES-2026-08-15.md — What already works"
"DGR-VM-113","SCRIPTED_WAITING_FOR_VM_FOOTAGE","software-store-install-three-beats","TikTok","24","Daily use: Three-beat explainer — software store install","Three quick beats: what it is, where it lives, and what you should verify yourself.","Three quick beats: what it is, where it lives, and what you should verify yourself. Installing an application from the Software Store was verified end to end, including the authorization prompt.","docs/FIELD-NOTES-2026-08-15.md — What already works"
"DGR-VM-114","SCRIPTED_WAITING_FOR_VM_FOOTAGE","software-store-install-owner-scenario","Instagram Reels","30","Daily use: Owner scenario — software store install","Imagine this is the PC you already use.","Imagine this is the PC you already use. Installing an application from the Software Store was verified end to end, including the authorization prompt. Here is the cautious way to try it.","docs/FIELD-NOTES-2026-08-15.md — What already works"
"DGR-VM-115","SCRIPTED_WAITING_FOR_VM_FOOTAGE","software-store-install-myth-check","YouTube Shorts","20","Daily use: Myth check — software store install","This is not a promise that every machine behaves the same.","This is not a promise that every machine behaves the same. What Dagric actually documents is: Installing an application from the Software Store was verified end to end, including the authorization prompt.","docs/FIELD-NOTES-2026-08-15.md — What already works"
"DGR-VM-116","SCRIPTED_WAITING_FOR_VM_FOOTAGE","software-store-install-quiet-demo","Snapchat Spotlight","12","Daily use: Quiet demo — software store install","Watch the workflow.","Watch the workflow. Installing an application from the Software Store was verified end to end, including the authorization prompt.","docs/FIELD-NOTES-2026-08-15.md — What already works"
"DGR-VM-117","SCRIPTED_WAITING_FOR_VM_FOOTAGE","software-store-install-proof-card","TikTok","16","Daily use: Proof card — software store install","Installing an application from the Software Store was verified end to end, including the authorization prompt.","Installing an application from the Software Store was verified end to end, including the authorization prompt. The evidence path is included below so you can check it.","docs/FIELD-NOTES-2026-08-15.md — What already works"
"DGR-VM-118","SCRIPTED_WAITING_FOR_VM_FOOTAGE","software-store-install-before-you-install","Instagram Reels","27","Daily use: Before you install — software store install","Before you install anything, this is worth checking on your own hardware: Installing an application from the Software Store was verified end to end, including the authorization prompt.","Before you install anything, this is worth checking on your own hardware: Installing an application from the Software Store was verified end to end, including the authorization prompt.","docs/FIELD-NOTES-2026-08-15.md — What already works"
"DGR-VM-119","SCRIPTED_WAITING_FOR_VM_FOOTAGE","software-store-install-honest-limitation","YouTube Shorts","22","Daily use: Honest limitation — software store install","The useful feature is real, and so is the boundary.","The useful feature is real, and so is the boundary. Installing an application from the Software Store was verified end to end, including the authorization prompt. We will show both.","docs/FIELD-NOTES-2026-08-15.md — What already works"
"DGR-VM-120","SCRIPTED_WAITING_FOR_VM_FOOTAGE","software-store-install-founder-voice","Snapchat Spotlight","36","Daily use: Founder-style voice — software store install","We built this for people who want to understand what their computer is doing.","We built this for people who want to understand what their computer is doing. Installing an application from the Software Store was verified end to end, including the authorization prompt. Here is the real interface, not a mockup.","docs/FIELD-NOTES-2026-08-15.md — What already works"
"DGR-VM-121","SCRIPTED_WAITING_FOR_VM_FOOTAGE","printing-and-scanning-human-question","TikTok","18","Hardware: Human question — printing and scanning","You might be wondering, “Both editions include CUPS, PDF printing, broad printer filters, scanning tools, and IPP-over-USB support.” Let’s look at the actual screen and the limitation that goes with it.","You might be wondering, “Both editions include CUPS, PDF printing, broad printer filters, scanning tools, and IPP-over-USB support.” Let’s look at the actual screen and the limitation that goes with it.","docs/TEST-REPORT.md — Gap analysis; docs/FIELD-NOTES-2026-08-15.md"
"DGR-VM-122","SCRIPTED_WAITING_FOR_VM_FOOTAGE","printing-and-scanning-screen-first","Instagram Reels","14","Hardware: Screen first — printing and scanning","Here it is on a running Dagric system: Both editions include CUPS, PDF printing, broad printer filters, scanning tools, and IPP-over-USB support.","Here it is on a running Dagric system: Both editions include CUPS, PDF printing, broad printer filters, scanning tools, and IPP-over-USB support.","docs/TEST-REPORT.md — Gap analysis; docs/FIELD-NOTES-2026-08-15.md"
"DGR-VM-123","SCRIPTED_WAITING_FOR_VM_FOOTAGE","printing-and-scanning-three-beats","YouTube Shorts","24","Hardware: Three-beat explainer — printing and scanning","Three quick beats: what it is, where it lives, and what you should verify yourself.","Three quick beats: what it is, where it lives, and what you should verify yourself. Both editions include CUPS, PDF printing, broad printer filters, scanning tools, and IPP-over-USB support.","docs/TEST-REPORT.md — Gap analysis; docs/FIELD-NOTES-2026-08-15.md"
"DGR-VM-124","SCRIPTED_WAITING_FOR_VM_FOOTAGE","printing-and-scanning-owner-scenario","Snapchat Spotlight","30","Hardware: Owner scenario — printing and scanning","Imagine this is the PC you already use.","Imagine this is the PC you already use. Both editions include CUPS, PDF printing, broad printer filters, scanning tools, and IPP-over-USB support. Here is the cautious way to try it.","docs/TEST-REPORT.md — Gap analysis; docs/FIELD-NOTES-2026-08-15.md"
"DGR-VM-125","SCRIPTED_WAITING_FOR_VM_FOOTAGE","printing-and-scanning-myth-check","TikTok","20","Hardware: Myth check — printing and scanning","This is not a promise that every machine behaves the same.","This is not a promise that every machine behaves the same. What Dagric actually documents is: Both editions include CUPS, PDF printing, broad printer filters, scanning tools, and IPP-over-USB support.","docs/TEST-REPORT.md — Gap analysis; docs/FIELD-NOTES-2026-08-15.md"
"DGR-VM-126","SCRIPTED_WAITING_FOR_VM_FOOTAGE","printing-and-scanning-quiet-demo","Instagram Reels","12","Hardware: Quiet demo — printing and scanning","Watch the workflow.","Watch the workflow. Both editions include CUPS, PDF printing, broad printer filters, scanning tools, and IPP-over-USB support.","docs/TEST-REPORT.md — Gap analysis; docs/FIELD-NOTES-2026-08-15.md"
"DGR-VM-127","SCRIPTED_WAITING_FOR_VM_FOOTAGE","printing-and-scanning-proof-card","YouTube Shorts","16","Hardware: Proof card — printing and scanning","Both editions include CUPS, PDF printing, broad printer filters, scanning tools, and IPP-over-USB support.","Both editions include CUPS, PDF printing, broad printer filters, scanning tools, and IPP-over-USB support. The evidence path is included below so you can check it.","docs/TEST-REPORT.md — Gap analysis; docs/FIELD-NOTES-2026-08-15.md"
"DGR-VM-128","SCRIPTED_WAITING_FOR_VM_FOOTAGE","printing-and-scanning-before-you-install","Snapchat Spotlight","27","Hardware: Before you install — printing and scanning","Before you install anything, this is worth checking on your own hardware: Both editions include CUPS, PDF printing, broad printer filters, scanning tools, and IPP-over-USB support.","Before you install anything, this is worth checking on your own hardware: Both editions include CUPS, PDF printing, broad printer filters, scanning tools, and IPP-over-USB support.","docs/TEST-REPORT.md — Gap analysis; docs/FIELD-NOTES-2026-08-15.md"
"DGR-VM-129","SCRIPTED_WAITING_FOR_VM_FOOTAGE","printing-and-scanning-honest-limitation","TikTok","22","Hardware: Honest limitation — printing and scanning","The useful feature is real, and so is the boundary.","The useful feature is real, and so is the boundary. Both editions include CUPS, PDF printing, broad printer filters, scanning tools, and IPP-over-USB support. We will show both.","docs/TEST-REPORT.md — Gap analysis; docs/FIELD-NOTES-2026-08-15.md"
"DGR-VM-130","SCRIPTED_WAITING_FOR_VM_FOOTAGE","printing-and-scanning-founder-voice","Instagram Reels","36","Hardware: Founder-style voice — printing and scanning","We built this for people who want to understand what their computer is doing.","We built this for people who want to understand what their computer is doing. Both editions include CUPS, PDF printing, broad printer filters, scanning tools, and IPP-over-USB support. Here is the real interface, not a mockup.","docs/TEST-REPORT.md — Gap analysis; docs/FIELD-NOTES-2026-08-15.md"
"DGR-VM-131","SCRIPTED_WAITING_FOR_VM_FOOTAGE","firmware-updates-human-question","YouTube Shorts","18","Maintenance: Human question — firmware updates","You might be wondering, “Fwupd is included so supported device firmware can appear through the Software Store.” Let’s look at the actual screen and the limitation that goes with it.","You might be wondering, “Fwupd is included so supported device firmware can appear through the Software Store.” Let’s look at the actual screen and the limitation that goes with it.","docs/TEST-REPORT.md — Gap analysis"
"DGR-VM-132","SCRIPTED_WAITING_FOR_VM_FOOTAGE","firmware-updates-screen-first","Snapchat Spotlight","14","Maintenance: Screen first — firmware updates","Here it is on a running Dagric system: Fwupd is included so supported device firmware can appear through the Software Store.","Here it is on a running Dagric system: Fwupd is included so supported device firmware can appear through the Software Store.","docs/TEST-REPORT.md — Gap analysis"
"DGR-VM-133","SCRIPTED_WAITING_FOR_VM_FOOTAGE","firmware-updates-three-beats","TikTok","24","Maintenance: Three-beat explainer — firmware updates","Three quick beats: what it is, where it lives, and what you should verify yourself.","Three quick beats: what it is, where it lives, and what you should verify yourself. Fwupd is included so supported device firmware can appear through the Software Store.","docs/TEST-REPORT.md — Gap analysis"
"DGR-VM-134","SCRIPTED_WAITING_FOR_VM_FOOTAGE","firmware-updates-owner-scenario","Instagram Reels","30","Maintenance: Owner scenario — firmware updates","Imagine this is the PC you already use.","Imagine this is the PC you already use. Fwupd is included so supported device firmware can appear through the Software Store. Here is the cautious way to try it.","docs/TEST-REPORT.md — Gap analysis"
"DGR-VM-135","SCRIPTED_WAITING_FOR_VM_FOOTAGE","firmware-updates-myth-check","YouTube Shorts","20","Maintenance: Myth check — firmware updates","This is not a promise that every machine behaves the same.","This is not a promise that every machine behaves the same. What Dagric actually documents is: Fwupd is included so supported device firmware can appear through the Software Store.","docs/TEST-REPORT.md — Gap analysis"
"DGR-VM-136","SCRIPTED_WAITING_FOR_VM_FOOTAGE","firmware-updates-quiet-demo","Snapchat Spotlight","12","Maintenance: Quiet demo — firmware updates","Watch the workflow.","Watch the workflow. Fwupd is included so supported device firmware can appear through the Software Store.","docs/TEST-REPORT.md — Gap analysis"
"DGR-VM-137","SCRIPTED_WAITING_FOR_VM_FOOTAGE","firmware-updates-proof-card","TikTok","16","Maintenance: Proof card — firmware updates","Fwupd is included so supported device firmware can appear through the Software Store.","Fwupd is included so supported device firmware can appear through the Software Store. The evidence path is included below so you can check it.","docs/TEST-REPORT.md — Gap analysis"
"DGR-VM-138","SCRIPTED_WAITING_FOR_VM_FOOTAGE","firmware-updates-before-you-install","Instagram Reels","27","Maintenance: Before you install — firmware updates","Before you install anything, this is worth checking on your own hardware: Fwupd is included so supported device firmware can appear through the Software Store.","Before you install anything, this is worth checking on your own hardware: Fwupd is included so supported device firmware can appear through the Software Store.","docs/TEST-REPORT.md — Gap analysis"
"DGR-VM-139","SCRIPTED_WAITING_FOR_VM_FOOTAGE","firmware-updates-honest-limitation","YouTube Shorts","22","Maintenance: Honest limitation — firmware updates","The useful feature is real, and so is the boundary.","The useful feature is real, and so is the boundary. Fwupd is included so supported device firmware can appear through the Software Store. We will show both.","docs/TEST-REPORT.md — Gap analysis"
"DGR-VM-140","SCRIPTED_WAITING_FOR_VM_FOOTAGE","firmware-updates-founder-voice","Snapchat Spotlight","36","Maintenance: Founder-style voice — firmware updates","We built this for people who want to understand what their computer is doing.","We built this for people who want to understand what their computer is doing. Fwupd is included so supported device firmware can appear through the Software Store. Here is the real interface, not a mockup.","docs/TEST-REPORT.md — Gap analysis"
"DGR-VM-141","SCRIPTED_WAITING_FOR_VM_FOOTAGE","vpn-import-human-question","TikTok","18","Networking: Human question — vpn import","You might be wondering, “OpenVPN and OpenConnect import support is included in both editions.” Let’s look at the actual screen and the limitation that goes with it.","You might be wondering, “OpenVPN and OpenConnect import support is included in both editions.” Let’s look at the actual screen and the limitation that goes with it.","docs/TEST-REPORT.md — Gap analysis"
"DGR-VM-142","SCRIPTED_WAITING_FOR_VM_FOOTAGE","vpn-import-screen-first","Instagram Reels","14","Networking: Screen first — vpn import","Here it is on a running Dagric system: OpenVPN and OpenConnect import support is included in both editions.","Here it is on a running Dagric system: OpenVPN and OpenConnect import support is included in both editions.","docs/TEST-REPORT.md — Gap analysis"
"DGR-VM-143","SCRIPTED_WAITING_FOR_VM_FOOTAGE","vpn-import-three-beats","YouTube Shorts","24","Networking: Three-beat explainer — vpn import","Three quick beats: what it is, where it lives, and what you should verify yourself.","Three quick beats: what it is, where it lives, and what you should verify yourself. OpenVPN and OpenConnect import support is included in both editions.","docs/TEST-REPORT.md — Gap analysis"
"DGR-VM-144","SCRIPTED_WAITING_FOR_VM_FOOTAGE","vpn-import-owner-scenario","Snapchat Spotlight","30","Networking: Owner scenario — vpn import","Imagine this is the PC you already use.","Imagine this is the PC you already use. OpenVPN and OpenConnect import support is included in both editions. Here is the cautious way to try it.","docs/TEST-REPORT.md — Gap analysis"
"DGR-VM-145","SCRIPTED_WAITING_FOR_VM_FOOTAGE","vpn-import-myth-check","TikTok","20","Networking: Myth check — vpn import","This is not a promise that every machine behaves the same.","This is not a promise that every machine behaves the same. What Dagric actually documents is: OpenVPN and OpenConnect import support is included in both editions.","docs/TEST-REPORT.md — Gap analysis"
"DGR-VM-146","SCRIPTED_WAITING_FOR_VM_FOOTAGE","vpn-import-quiet-demo","Instagram Reels","12","Networking: Quiet demo — vpn import","Watch the workflow.","Watch the workflow. OpenVPN and OpenConnect import support is included in both editions.","docs/TEST-REPORT.md — Gap analysis"
"DGR-VM-147","SCRIPTED_WAITING_FOR_VM_FOOTAGE","vpn-import-proof-card","YouTube Shorts","16","Networking: Proof card — vpn import","OpenVPN and OpenConnect import support is included in both editions.","OpenVPN and OpenConnect import support is included in both editions. The evidence path is included below so you can check it.","docs/TEST-REPORT.md — Gap analysis"
"DGR-VM-148","SCRIPTED_WAITING_FOR_VM_FOOTAGE","vpn-import-before-you-install","Snapchat Spotlight","27","Networking: Before you install — vpn import","Before you install anything, this is worth checking on your own hardware: OpenVPN and OpenConnect import support is included in both editions.","Before you install anything, this is worth checking on your own hardware: OpenVPN and OpenConnect import support is included in both editions.","docs/TEST-REPORT.md — Gap analysis"
"DGR-VM-149","SCRIPTED_WAITING_FOR_VM_FOOTAGE","vpn-import-honest-limitation","TikTok","22","Networking: Honest limitation — vpn import","The useful feature is real, and so is the boundary.","The useful feature is real, and so is the boundary. OpenVPN and OpenConnect import support is included in both editions. We will show both.","docs/TEST-REPORT.md — Gap analysis"
"DGR-VM-150","SCRIPTED_WAITING_FOR_VM_FOOTAGE","vpn-import-founder-voice","Instagram Reels","36","Networking: Founder-style voice — vpn import","We built this for people who want to understand what their computer is doing.","We built this for people who want to understand what their computer is doing. OpenVPN and OpenConnect import support is included in both editions. Here is the real interface, not a mockup.","docs/TEST-REPORT.md — Gap analysis"
"DGR-VM-151","SCRIPTED_WAITING_FOR_VM_FOOTAGE","media-codecs-human-question","YouTube Shorts","18","Media: Human question — media codecs","You might be wondering, “Both editions include a broad GStreamer/libav codec set; the measured test image reported 269 plugins.” Let’s look at the actual screen and the limitation that goes with it.","You might be wondering, “Both editions include a broad GStreamer/libav codec set; the measured test image reported 269 plugins.” Let’s look at the actual screen and the limitation that goes with it.","docs/FIELD-NOTES-2026-08-15.md — What already works"
"DGR-VM-152","SCRIPTED_WAITING_FOR_VM_FOOTAGE","media-codecs-screen-first","Snapchat Spotlight","14","Media: Screen first — media codecs","Here it is on a running Dagric system: Both editions include a broad GStreamer/libav codec set; the measured test image reported 269 plugins.","Here it is on a running Dagric system: Both editions include a broad GStreamer/libav codec set; the measured test image reported 269 plugins.","docs/FIELD-NOTES-2026-08-15.md — What already works"
"DGR-VM-153","SCRIPTED_WAITING_FOR_VM_FOOTAGE","media-codecs-three-beats","TikTok","24","Media: Three-beat explainer — media codecs","Three quick beats: what it is, where it lives, and what you should verify yourself.","Three quick beats: what it is, where it lives, and what you should verify yourself. Both editions include a broad GStreamer/libav codec set; the measured test image reported 269 plugins.","docs/FIELD-NOTES-2026-08-15.md — What already works"
"DGR-VM-154","SCRIPTED_WAITING_FOR_VM_FOOTAGE","media-codecs-owner-scenario","Instagram Reels","30","Media: Owner scenario — media codecs","Imagine this is the PC you already use.","Imagine this is the PC you already use. Both editions include a broad GStreamer/libav codec set; the measured test image reported 269 plugins. Here is the cautious way to try it.","docs/FIELD-NOTES-2026-08-15.md — What already works"
"DGR-VM-155","SCRIPTED_WAITING_FOR_VM_FOOTAGE","media-codecs-myth-check","YouTube Shorts","20","Media: Myth check — media codecs","This is not a promise that every machine behaves the same.","This is not a promise that every machine behaves the same. What Dagric actually documents is: Both editions include a broad GStreamer/libav codec set; the measured test image reported 269 plugins.","docs/FIELD-NOTES-2026-08-15.md — What already works"
"DGR-VM-156","SCRIPTED_WAITING_FOR_VM_FOOTAGE","media-codecs-quiet-demo","Snapchat Spotlight","12","Media: Quiet demo — media codecs","Watch the workflow.","Watch the workflow. Both editions include a broad GStreamer/libav codec set; the measured test image reported 269 plugins.","docs/FIELD-NOTES-2026-08-15.md — What already works"
"DGR-VM-157","SCRIPTED_WAITING_FOR_VM_FOOTAGE","media-codecs-proof-card","TikTok","16","Media: Proof card — media codecs","Both editions include a broad GStreamer/libav codec set; the measured test image reported 269 plugins.","Both editions include a broad GStreamer/libav codec set; the measured test image reported 269 plugins. The evidence path is included below so you can check it.","docs/FIELD-NOTES-2026-08-15.md — What already works"
"DGR-VM-158","SCRIPTED_WAITING_FOR_VM_FOOTAGE","media-codecs-before-you-install","Instagram Reels","27","Media: Before you install — media codecs","Before you install anything, this is worth checking on your own hardware: Both editions include a broad GStreamer/libav codec set; the measured test image reported 269 plugins.","Before you install anything, this is worth checking on your own hardware: Both editions include a broad GStreamer/libav codec set; the measured test image reported 269 plugins.","docs/FIELD-NOTES-2026-08-15.md — What already works"
"DGR-VM-159","SCRIPTED_WAITING_FOR_VM_FOOTAGE","media-codecs-honest-limitation","YouTube Shorts","22","Media: Honest limitation — media codecs","The useful feature is real, and so is the boundary.","The useful feature is real, and so is the boundary. Both editions include a broad GStreamer/libav codec set; the measured test image reported 269 plugins. We will show both.","docs/FIELD-NOTES-2026-08-15.md — What already works"
"DGR-VM-160","SCRIPTED_WAITING_FOR_VM_FOOTAGE","media-codecs-founder-voice","Snapchat Spotlight","36","Media: Founder-style voice — media codecs","We built this for people who want to understand what their computer is doing.","We built this for people who want to understand what their computer is doing. Both editions include a broad GStreamer/libav codec set; the measured test image reported 269 plugins. Here is the real interface, not a mockup.","docs/FIELD-NOTES-2026-08-15.md — What already works"
"DGR-VM-161","SCRIPTED_WAITING_FOR_VM_FOOTAGE","office-font-fidelity-human-question","TikTok","18","Documents: Human question — office font fidelity","You might be wondering, “LibreOffice ships with metric-compatible fonts intended to reduce layout shifts in common Office documents.” Let’s look at the actual screen and the limitation that goes with it.","You might be wondering, “LibreOffice ships with metric-compatible fonts intended to reduce layout shifts in common Office documents.” Let’s look at the actual screen and the limitation that goes with it.","docs/TEST-REPORT.md — Gap analysis; docs/FIELD-NOTES-2026-08-15.md"
"DGR-VM-162","SCRIPTED_WAITING_FOR_VM_FOOTAGE","office-font-fidelity-screen-first","Instagram Reels","14","Documents: Screen first — office font fidelity","Here it is on a running Dagric system: LibreOffice ships with metric-compatible fonts intended to reduce layout shifts in common Office documents.","Here it is on a running Dagric system: LibreOffice ships with metric-compatible fonts intended to reduce layout shifts in common Office documents.","docs/TEST-REPORT.md — Gap analysis; docs/FIELD-NOTES-2026-08-15.md"
"DGR-VM-163","SCRIPTED_WAITING_FOR_VM_FOOTAGE","office-font-fidelity-three-beats","YouTube Shorts","24","Documents: Three-beat explainer — office font fidelity","Three quick beats: what it is, where it lives, and what you should verify yourself.","Three quick beats: what it is, where it lives, and what you should verify yourself. LibreOffice ships with metric-compatible fonts intended to reduce layout shifts in common Office documents.","docs/TEST-REPORT.md — Gap analysis; docs/FIELD-NOTES-2026-08-15.md"
"DGR-VM-164","SCRIPTED_WAITING_FOR_VM_FOOTAGE","office-font-fidelity-owner-scenario","Snapchat Spotlight","30","Documents: Owner scenario — office font fidelity","Imagine this is the PC you already use.","Imagine this is the PC you already use. LibreOffice ships with metric-compatible fonts intended to reduce layout shifts in common Office documents. Here is the cautious way to try it.","docs/TEST-REPORT.md — Gap analysis; docs/FIELD-NOTES-2026-08-15.md"
"DGR-VM-165","SCRIPTED_WAITING_FOR_VM_FOOTAGE","office-font-fidelity-myth-check","TikTok","20","Documents: Myth check — office font fidelity","This is not a promise that every machine behaves the same.","This is not a promise that every machine behaves the same. What Dagric actually documents is: LibreOffice ships with metric-compatible fonts intended to reduce layout shifts in common Office documents.","docs/TEST-REPORT.md — Gap analysis; docs/FIELD-NOTES-2026-08-15.md"
"DGR-VM-166","SCRIPTED_WAITING_FOR_VM_FOOTAGE","office-font-fidelity-quiet-demo","Instagram Reels","12","Documents: Quiet demo — office font fidelity","Watch the workflow.","Watch the workflow. LibreOffice ships with metric-compatible fonts intended to reduce layout shifts in common Office documents.","docs/TEST-REPORT.md — Gap analysis; docs/FIELD-NOTES-2026-08-15.md"
"DGR-VM-167","SCRIPTED_WAITING_FOR_VM_FOOTAGE","office-font-fidelity-proof-card","YouTube Shorts","16","Documents: Proof card — office font fidelity","LibreOffice ships with metric-compatible fonts intended to reduce layout shifts in common Office documents.","LibreOffice ships with metric-compatible fonts intended to reduce layout shifts in common Office documents. The evidence path is included below so you can check it.","docs/TEST-REPORT.md — Gap analysis; docs/FIELD-NOTES-2026-08-15.md"
"DGR-VM-168","SCRIPTED_WAITING_FOR_VM_FOOTAGE","office-font-fidelity-before-you-install","Snapchat Spotlight","27","Documents: Before you install — office font fidelity","Before you install anything, this is worth checking on your own hardware: LibreOffice ships with metric-compatible fonts intended to reduce layout shifts in common Office documents.","Before you install anything, this is worth checking on your own hardware: LibreOffice ships with metric-compatible fonts intended to reduce layout shifts in common Office documents.","docs/TEST-REPORT.md — Gap analysis; docs/FIELD-NOTES-2026-08-15.md"
"DGR-VM-169","SCRIPTED_WAITING_FOR_VM_FOOTAGE","office-font-fidelity-honest-limitation","TikTok","22","Documents: Honest limitation — office font fidelity","The useful feature is real, and so is the boundary.","The useful feature is real, and so is the boundary. LibreOffice ships with metric-compatible fonts intended to reduce layout shifts in common Office documents. We will show both.","docs/TEST-REPORT.md — Gap analysis; docs/FIELD-NOTES-2026-08-15.md"
"DGR-VM-170","SCRIPTED_WAITING_FOR_VM_FOOTAGE","office-font-fidelity-founder-voice","Instagram Reels","36","Documents: Founder-style voice — office font fidelity","We built this for people who want to understand what their computer is doing.","We built this for people who want to understand what their computer is doing. LibreOffice ships with metric-compatible fonts intended to reduce layout shifts in common Office documents. Here is the real interface, not a mockup.","docs/TEST-REPORT.md — Gap analysis; docs/FIELD-NOTES-2026-08-15.md"
"DGR-VM-171","SCRIPTED_WAITING_FOR_VM_FOOTAGE","fingerprint-and-thermal-human-question","YouTube Shorts","18","Laptop support: Human question — fingerprint and thermal","You might be wondering, “Fingerprint login components and thermald are included for supported laptops.” Let’s look at the actual screen and the limitation that goes with it.","You might be wondering, “Fingerprint login components and thermald are included for supported laptops.” Let’s look at the actual screen and the limitation that goes with it.","docs/TEST-REPORT.md — Gap analysis"
"DGR-VM-172","SCRIPTED_WAITING_FOR_VM_FOOTAGE","fingerprint-and-thermal-screen-first","Snapchat Spotlight","14","Laptop support: Screen first — fingerprint and thermal","Here it is on a running Dagric system: Fingerprint login components and thermald are included for supported laptops.","Here it is on a running Dagric system: Fingerprint login components and thermald are included for supported laptops.","docs/TEST-REPORT.md — Gap analysis"
"DGR-VM-173","SCRIPTED_WAITING_FOR_VM_FOOTAGE","fingerprint-and-thermal-three-beats","TikTok","24","Laptop support: Three-beat explainer — fingerprint and thermal","Three quick beats: what it is, where it lives, and what you should verify yourself.","Three quick beats: what it is, where it lives, and what you should verify yourself. Fingerprint login components and thermald are included for supported laptops.","docs/TEST-REPORT.md — Gap analysis"
"DGR-VM-174","SCRIPTED_WAITING_FOR_VM_FOOTAGE","fingerprint-and-thermal-owner-scenario","Instagram Reels","30","Laptop support: Owner scenario — fingerprint and thermal","Imagine this is the PC you already use.","Imagine this is the PC you already use. Fingerprint login components and thermald are included for supported laptops. Here is the cautious way to try it.","docs/TEST-REPORT.md — Gap analysis"
"DGR-VM-175","SCRIPTED_WAITING_FOR_VM_FOOTAGE","fingerprint-and-thermal-myth-check","YouTube Shorts","20","Laptop support: Myth check — fingerprint and thermal","This is not a promise that every machine behaves the same.","This is not a promise that every machine behaves the same. What Dagric actually documents is: Fingerprint login components and thermald are included for supported laptops.","docs/TEST-REPORT.md — Gap analysis"
"DGR-VM-176","SCRIPTED_WAITING_FOR_VM_FOOTAGE","fingerprint-and-thermal-quiet-demo","Snapchat Spotlight","12","Laptop support: Quiet demo — fingerprint and thermal","Watch the workflow.","Watch the workflow. Fingerprint login components and thermald are included for supported laptops.","docs/TEST-REPORT.md — Gap analysis"
"DGR-VM-177","SCRIPTED_WAITING_FOR_VM_FOOTAGE","fingerprint-and-thermal-proof-card","TikTok","16","Laptop support: Proof card — fingerprint and thermal","Fingerprint login components and thermald are included for supported laptops.","Fingerprint login components and thermald are included for supported laptops. The evidence path is included below so you can check it.","docs/TEST-REPORT.md — Gap analysis"
"DGR-VM-178","SCRIPTED_WAITING_FOR_VM_FOOTAGE","fingerprint-and-thermal-before-you-install","Instagram Reels","27","Laptop support: Before you install — fingerprint and thermal","Before you install anything, this is worth checking on your own hardware: Fingerprint login components and thermald are included for supported laptops.","Before you install anything, this is worth checking on your own hardware: Fingerprint login components and thermald are included for supported laptops.","docs/TEST-REPORT.md — Gap analysis"
"DGR-VM-179","SCRIPTED_WAITING_FOR_VM_FOOTAGE","fingerprint-and-thermal-honest-limitation","YouTube Shorts","22","Laptop support: Honest limitation — fingerprint and thermal","The useful feature is real, and so is the boundary.","The useful feature is real, and so is the boundary. Fingerprint login components and thermald are included for supported laptops. We will show both.","docs/TEST-REPORT.md — Gap analysis"
"DGR-VM-180","SCRIPTED_WAITING_FOR_VM_FOOTAGE","fingerprint-and-thermal-founder-voice","Snapchat Spotlight","36","Laptop support: Founder-style voice — fingerprint and thermal","We built this for people who want to understand what their computer is doing.","We built this for people who want to understand what their computer is doing. Fingerprint login components and thermald are included for supported laptops. Here is the real interface, not a mockup.","docs/TEST-REPORT.md — Gap analysis"
"DGR-VM-181","SCRIPTED_WAITING_FOR_VM_FOOTAGE","zram-measurement-human-question","TikTok","18","Performance: Human question — zram measurement","You might be wondering, “One measured 3 GB test system compressed 433 MB of pages into 51 MB of RAM using zstd zram.” Let’s look at the actual screen and the limitation that goes with it.","You might be wondering, “One measured 3 GB test system compressed 433 MB of pages into 51 MB of RAM using zstd zram.” Let’s look at the actual screen and the limitation that goes with it.","docs/FIELD-NOTES-2026-08-15.md — zram"
"DGR-VM-182","SCRIPTED_WAITING_FOR_VM_FOOTAGE","zram-measurement-screen-first","Instagram Reels","14","Performance: Screen first — zram measurement","Here it is on a running Dagric system: One measured 3 GB test system compressed 433 MB of pages into 51 MB of RAM using zstd zram.","Here it is on a running Dagric system: One measured 3 GB test system compressed 433 MB of pages into 51 MB of RAM using zstd zram.","docs/FIELD-NOTES-2026-08-15.md — zram"
"DGR-VM-183","SCRIPTED_WAITING_FOR_VM_FOOTAGE","zram-measurement-three-beats","YouTube Shorts","24","Performance: Three-beat explainer — zram measurement","Three quick beats: what it is, where it lives, and what you should verify yourself.","Three quick beats: what it is, where it lives, and what you should verify yourself. One measured 3 GB test system compressed 433 MB of pages into 51 MB of RAM using zstd zram.","docs/FIELD-NOTES-2026-08-15.md — zram"
"DGR-VM-184","SCRIPTED_WAITING_FOR_VM_FOOTAGE","zram-measurement-owner-scenario","Snapchat Spotlight","30","Performance: Owner scenario — zram measurement","Imagine this is the PC you already use.","Imagine this is the PC you already use. One measured 3 GB test system compressed 433 MB of pages into 51 MB of RAM using zstd zram. Here is the cautious way to try it.","docs/FIELD-NOTES-2026-08-15.md — zram"
"DGR-VM-185","SCRIPTED_WAITING_FOR_VM_FOOTAGE","zram-measurement-myth-check","TikTok","20","Performance: Myth check — zram measurement","This is not a promise that every machine behaves the same.","This is not a promise that every machine behaves the same. What Dagric actually documents is: One measured 3 GB test system compressed 433 MB of pages into 51 MB of RAM using zstd zram.","docs/FIELD-NOTES-2026-08-15.md — zram"
"DGR-VM-186","SCRIPTED_WAITING_FOR_VM_FOOTAGE","zram-measurement-quiet-demo","Instagram Reels","12","Performance: Quiet demo — zram measurement","Watch the workflow.","Watch the workflow. One measured 3 GB test system compressed 433 MB of pages into 51 MB of RAM using zstd zram.","docs/FIELD-NOTES-2026-08-15.md — zram"
"DGR-VM-187","SCRIPTED_WAITING_FOR_VM_FOOTAGE","zram-measurement-proof-card","YouTube Shorts","16","Performance: Proof card — zram measurement","One measured 3 GB test system compressed 433 MB of pages into 51 MB of RAM using zstd zram.","One measured 3 GB test system compressed 433 MB of pages into 51 MB of RAM using zstd zram. The evidence path is included below so you can check it.","docs/FIELD-NOTES-2026-08-15.md — zram"
"DGR-VM-188","SCRIPTED_WAITING_FOR_VM_FOOTAGE","zram-measurement-before-you-install","Snapchat Spotlight","27","Performance: Before you install — zram measurement","Before you install anything, this is worth checking on your own hardware: One measured 3 GB test system compressed 433 MB of pages into 51 MB of RAM using zstd zram.","Before you install anything, this is worth checking on your own hardware: One measured 3 GB test system compressed 433 MB of pages into 51 MB of RAM using zstd zram.","docs/FIELD-NOTES-2026-08-15.md — zram"
"DGR-VM-189","SCRIPTED_WAITING_FOR_VM_FOOTAGE","zram-measurement-honest-limitation","TikTok","22","Performance: Honest limitation — zram measurement","The useful feature is real, and so is the boundary.","The useful feature is real, and so is the boundary. One measured 3 GB test system compressed 433 MB of pages into 51 MB of RAM using zstd zram. We will show both.","docs/FIELD-NOTES-2026-08-15.md — zram"
"DGR-VM-190","SCRIPTED_WAITING_FOR_VM_FOOTAGE","zram-measurement-founder-voice","Instagram Reels","36","Performance: Founder-style voice — zram measurement","We built this for people who want to understand what their computer is doing.","We built this for people who want to understand what their computer is doing. One measured 3 GB test system compressed 433 MB of pages into 51 MB of RAM using zstd zram. Here is the real interface, not a mockup.","docs/FIELD-NOTES-2026-08-15.md — zram"
"DGR-VM-191","SCRIPTED_WAITING_FOR_VM_FOOTAGE","idle-memory-measurement-human-question","YouTube Shorts","18","Performance: Human question — idle memory measurement","You might be wondering, “A measured installed Plasma session used about 642 MB PSS after subtracting the demo harness.” Let’s look at the actual screen and the limitation that goes with it.","You might be wondering, “A measured installed Plasma session used about 642 MB PSS after subtracting the demo harness.” Let’s look at the actual screen and the limitation that goes with it.","docs/FIELD-NOTES-2026-08-15.md — memory number"
"DGR-VM-192","SCRIPTED_WAITING_FOR_VM_FOOTAGE","idle-memory-measurement-screen-first","Snapchat Spotlight","14","Performance: Screen first — idle memory measurement","Here it is on a running Dagric system: A measured installed Plasma session used about 642 MB PSS after subtracting the demo harness.","Here it is on a running Dagric system: A measured installed Plasma session used about 642 MB PSS after subtracting the demo harness.","docs/FIELD-NOTES-2026-08-15.md — memory number"
"DGR-VM-193","SCRIPTED_WAITING_FOR_VM_FOOTAGE","idle-memory-measurement-three-beats","TikTok","24","Performance: Three-beat explainer — idle memory measurement","Three quick beats: what it is, where it lives, and what you should verify yourself.","Three quick beats: what it is, where it lives, and what you should verify yourself. A measured installed Plasma session used about 642 MB PSS after subtracting the demo harness.","docs/FIELD-NOTES-2026-08-15.md — memory number"
"DGR-VM-194","SCRIPTED_WAITING_FOR_VM_FOOTAGE","idle-memory-measurement-owner-scenario","Instagram Reels","30","Performance: Owner scenario — idle memory measurement","Imagine this is the PC you already use.","Imagine this is the PC you already use. A measured installed Plasma session used about 642 MB PSS after subtracting the demo harness. Here is the cautious way to try it.","docs/FIELD-NOTES-2026-08-15.md — memory number"
"DGR-VM-195","SCRIPTED_WAITING_FOR_VM_FOOTAGE","idle-memory-measurement-myth-check","YouTube Shorts","20","Performance: Myth check — idle memory measurement","This is not a promise that every machine behaves the same.","This is not a promise that every machine behaves the same. What Dagric actually documents is: A measured installed Plasma session used about 642 MB PSS after subtracting the demo harness.","docs/FIELD-NOTES-2026-08-15.md — memory number"
"DGR-VM-196","SCRIPTED_WAITING_FOR_VM_FOOTAGE","idle-memory-measurement-quiet-demo","Snapchat Spotlight","12","Performance: Quiet demo — idle memory measurement","Watch the workflow.","Watch the workflow. A measured installed Plasma session used about 642 MB PSS after subtracting the demo harness.","docs/FIELD-NOTES-2026-08-15.md — memory number"
"DGR-VM-197","SCRIPTED_WAITING_FOR_VM_FOOTAGE","idle-memory-measurement-proof-card","TikTok","16","Performance: Proof card — idle memory measurement","A measured installed Plasma session used about 642 MB PSS after subtracting the demo harness.","A measured installed Plasma session used about 642 MB PSS after subtracting the demo harness. The evidence path is included below so you can check it.","docs/FIELD-NOTES-2026-08-15.md — memory number"
"DGR-VM-198","SCRIPTED_WAITING_FOR_VM_FOOTAGE","idle-memory-measurement-before-you-install","Instagram Reels","27","Performance: Before you install — idle memory measurement","Before you install anything, this is worth checking on your own hardware: A measured installed Plasma session used about 642 MB PSS after subtracting the demo harness.","Before you install anything, this is worth checking on your own hardware: A measured installed Plasma session used about 642 MB PSS after subtracting the demo harness.","docs/FIELD-NOTES-2026-08-15.md — memory number"
"DGR-VM-199","SCRIPTED_WAITING_FOR_VM_FOOTAGE","idle-memory-measurement-honest-limitation","YouTube Shorts","22","Performance: Honest limitation — idle memory measurement","The useful feature is real, and so is the boundary.","The useful feature is real, and so is the boundary. A measured installed Plasma session used about 642 MB PSS after subtracting the demo harness. We will show both.","docs/FIELD-NOTES-2026-08-15.md — memory number"
"DGR-VM-200","SCRIPTED_WAITING_FOR_VM_FOOTAGE","idle-memory-measurement-founder-voice","Snapchat Spotlight","36","Performance: Founder-style voice — idle memory measurement","We built this for people who want to understand what their computer is doing.","We built this for people who want to understand what their computer is doing. A measured installed Plasma session used about 642 MB PSS after subtracting the demo harness. Here is the real interface, not a mockup.","docs/FIELD-NOTES-2026-08-15.md — memory number"
"DGR-VM-201","SCRIPTED_WAITING_FOR_VM_FOOTAGE","iso-to-usb-writer-human-question","TikTok","18","Installation: Human question — iso to usb writer","You might be wondering, “Double-clicking an ISO now opens the USB Writer path instead of failing silently.” Let’s look at the actual screen and the limitation that goes with it.","You might be wondering, “Double-clicking an ISO now opens the USB Writer path instead of failing silently.” Let’s look at the actual screen and the limitation that goes with it.","docs/FIELD-NOTES-2026-08-15.md — Fixed this session"
"DGR-VM-202","SCRIPTED_WAITING_FOR_VM_FOOTAGE","iso-to-usb-writer-screen-first","Instagram Reels","14","Installation: Screen first — iso to usb writer","Here it is on a running Dagric system: Double-clicking an ISO now opens the USB Writer path instead of failing silently.","Here it is on a running Dagric system: Double-clicking an ISO now opens the USB Writer path instead of failing silently.","docs/FIELD-NOTES-2026-08-15.md — Fixed this session"
"DGR-VM-203","SCRIPTED_WAITING_FOR_VM_FOOTAGE","iso-to-usb-writer-three-beats","YouTube Shorts","24","Installation: Three-beat explainer — iso to usb writer","Three quick beats: what it is, where it lives, and what you should verify yourself.","Three quick beats: what it is, where it lives, and what you should verify yourself. Double-clicking an ISO now opens the USB Writer path instead of failing silently.","docs/FIELD-NOTES-2026-08-15.md — Fixed this session"
"DGR-VM-204","SCRIPTED_WAITING_FOR_VM_FOOTAGE","iso-to-usb-writer-owner-scenario","Snapchat Spotlight","30","Installation: Owner scenario — iso to usb writer","Imagine this is the PC you already use.","Imagine this is the PC you already use. Double-clicking an ISO now opens the USB Writer path instead of failing silently. Here is the cautious way to try it.","docs/FIELD-NOTES-2026-08-15.md — Fixed this session"
"DGR-VM-205","SCRIPTED_WAITING_FOR_VM_FOOTAGE","iso-to-usb-writer-myth-check","TikTok","20","Installation: Myth check — iso to usb writer","This is not a promise that every machine behaves the same.","This is not a promise that every machine behaves the same. What Dagric actually documents is: Double-clicking an ISO now opens the USB Writer path instead of failing silently.","docs/FIELD-NOTES-2026-08-15.md — Fixed this session"
"DGR-VM-206","SCRIPTED_WAITING_FOR_VM_FOOTAGE","iso-to-usb-writer-quiet-demo","Instagram Reels","12","Installation: Quiet demo — iso to usb writer","Watch the workflow.","Watch the workflow. Double-clicking an ISO now opens the USB Writer path instead of failing silently.","docs/FIELD-NOTES-2026-08-15.md — Fixed this session"
"DGR-VM-207","SCRIPTED_WAITING_FOR_VM_FOOTAGE","iso-to-usb-writer-proof-card","YouTube Shorts","16","Installation: Proof card — iso to usb writer","Double-clicking an ISO now opens the USB Writer path instead of failing silently.","Double-clicking an ISO now opens the USB Writer path instead of failing silently. The evidence path is included below so you can check it.","docs/FIELD-NOTES-2026-08-15.md — Fixed this session"
"DGR-VM-208","SCRIPTED_WAITING_FOR_VM_FOOTAGE","iso-to-usb-writer-before-you-install","Snapchat Spotlight","27","Installation: Before you install — iso to usb writer","Before you install anything, this is worth checking on your own hardware: Double-clicking an ISO now opens the USB Writer path instead of failing silently.","Before you install anything, this is worth checking on your own hardware: Double-clicking an ISO now opens the USB Writer path instead of failing silently.","docs/FIELD-NOTES-2026-08-15.md — Fixed this session"
"DGR-VM-209","SCRIPTED_WAITING_FOR_VM_FOOTAGE","iso-to-usb-writer-honest-limitation","TikTok","22","Installation: Honest limitation — iso to usb writer","The useful feature is real, and so is the boundary.","The useful feature is real, and so is the boundary. Double-clicking an ISO now opens the USB Writer path instead of failing silently. We will show both.","docs/FIELD-NOTES-2026-08-15.md — Fixed this session"
"DGR-VM-210","SCRIPTED_WAITING_FOR_VM_FOOTAGE","iso-to-usb-writer-founder-voice","Instagram Reels","36","Installation: Founder-style voice — iso to usb writer","We built this for people who want to understand what their computer is doing.","We built this for people who want to understand what their computer is doing. Double-clicking an ISO now opens the USB Writer path instead of failing silently. Here is the real interface, not a mockup.","docs/FIELD-NOTES-2026-08-15.md — Fixed this session"
"DGR-VM-211","SCRIPTED_WAITING_FOR_VM_FOOTAGE","phone-integration-human-question","YouTube Shorts","18","Phone: Human question — phone integration","You might be wondering, “KDE Connect is included for phone integration, and Bluetooth file transfer remains available without pulling in an unrelated GNOME contacts stack.” Let’s look at the actual screen and the limitation that goes with it.","You might be wondering, “KDE Connect is included for phone integration, and Bluetooth file transfer remains available without pulling in an unrelated GNOME contacts stack.” Let’s look at the actual screen and the limitation that goes with it.","docs/FIELD-NOTES-2026-08-15.md — Bluetooth correction"
"DGR-VM-212","SCRIPTED_WAITING_FOR_VM_FOOTAGE","phone-integration-screen-first","Snapchat Spotlight","14","Phone: Screen first — phone integration","Here it is on a running Dagric system: KDE Connect is included for phone integration, and Bluetooth file transfer remains available without pulling in an unrelated GNOME contacts stack.","Here it is on a running Dagric system: KDE Connect is included for phone integration, and Bluetooth file transfer remains available without pulling in an unrelated GNOME contacts stack.","docs/FIELD-NOTES-2026-08-15.md — Bluetooth correction"
"DGR-VM-213","SCRIPTED_WAITING_FOR_VM_FOOTAGE","phone-integration-three-beats","TikTok","24","Phone: Three-beat explainer — phone integration","Three quick beats: what it is, where it lives, and what you should verify yourself.","Three quick beats: what it is, where it lives, and what you should verify yourself. KDE Connect is included for phone integration, and Bluetooth file transfer remains available without pulling in an unrelated GNOME contacts stack.","docs/FIELD-NOTES-2026-08-15.md — Bluetooth correction"
"DGR-VM-214","SCRIPTED_WAITING_FOR_VM_FOOTAGE","phone-integration-owner-scenario","Instagram Reels","30","Phone: Owner scenario — phone integration","Imagine this is the PC you already use.","Imagine this is the PC you already use. KDE Connect is included for phone integration, and Bluetooth file transfer remains available without pulling in an unrelated GNOME contacts stack. Here is the cautious way to try it.","docs/FIELD-NOTES-2026-08-15.md — Bluetooth correction"
"DGR-VM-215","SCRIPTED_WAITING_FOR_VM_FOOTAGE","phone-integration-myth-check","YouTube Shorts","20","Phone: Myth check — phone integration","This is not a promise that every machine behaves the same.","This is not a promise that every machine behaves the same. What Dagric actually documents is: KDE Connect is included for phone integration, and Bluetooth file transfer remains available without pulling in an unrelated GNOME contacts stack.","docs/FIELD-NOTES-2026-08-15.md — Bluetooth correction"
"DGR-VM-216","SCRIPTED_WAITING_FOR_VM_FOOTAGE","phone-integration-quiet-demo","Snapchat Spotlight","12","Phone: Quiet demo — phone integration","Watch the workflow.","Watch the workflow. KDE Connect is included for phone integration, and Bluetooth file transfer remains available without pulling in an unrelated GNOME contacts stack.","docs/FIELD-NOTES-2026-08-15.md — Bluetooth correction"
"DGR-VM-217","SCRIPTED_WAITING_FOR_VM_FOOTAGE","phone-integration-proof-card","TikTok","16","Phone: Proof card — phone integration","KDE Connect is included for phone integration, and Bluetooth file transfer remains available without pulling in an unrelated GNOME contacts stack.","KDE Connect is included for phone integration, and Bluetooth file transfer remains available without pulling in an unrelated GNOME contacts stack. The evidence path is included below so you can check it.","docs/FIELD-NOTES-2026-08-15.md — Bluetooth correction"
"DGR-VM-218","SCRIPTED_WAITING_FOR_VM_FOOTAGE","phone-integration-before-you-install","Instagram Reels","27","Phone: Before you install — phone integration","Before you install anything, this is worth checking on your own hardware: KDE Connect is included for phone integration, and Bluetooth file transfer remains available without pulling in an unrelated GNOME contacts stack.","Before you install anything, this is worth checking on your own hardware: KDE Connect is included for phone integration, and Bluetooth file transfer remains available without pulling in an unrelated GNOME contacts stack.","docs/FIELD-NOTES-2026-08-15.md — Bluetooth correction"
"DGR-VM-219","SCRIPTED_WAITING_FOR_VM_FOOTAGE","phone-integration-honest-limitation","YouTube Shorts","22","Phone: Honest limitation — phone integration","The useful feature is real, and so is the boundary.","The useful feature is real, and so is the boundary. KDE Connect is included for phone integration, and Bluetooth file transfer remains available without pulling in an unrelated GNOME contacts stack. We will show both.","docs/FIELD-NOTES-2026-08-15.md — Bluetooth correction"
"DGR-VM-220","SCRIPTED_WAITING_FOR_VM_FOOTAGE","phone-integration-founder-voice","Snapchat Spotlight","36","Phone: Founder-style voice — phone integration","We built this for people who want to understand what their computer is doing.","We built this for people who want to understand what their computer is doing. KDE Connect is included for phone integration, and Bluetooth file transfer remains available without pulling in an unrelated GNOME contacts stack. Here is the real interface, not a mockup.","docs/FIELD-NOTES-2026-08-15.md — Bluetooth correction"
"DGR-VM-221","SCRIPTED_WAITING_FOR_VM_FOOTAGE","image-formats-human-question","TikTok","18","Daily use: Human question — image formats","You might be wondering, “WebP and TIFF image support was verified on both editions.” Let’s look at the actual screen and the limitation that goes with it.","You might be wondering, “WebP and TIFF image support was verified on both editions.” Let’s look at the actual screen and the limitation that goes with it.","docs/FIELD-NOTES-2026-08-15.md — What already works"
"DGR-VM-222","SCRIPTED_WAITING_FOR_VM_FOOTAGE","image-formats-screen-first","Instagram Reels","14","Daily use: Screen first — image formats","Here it is on a running Dagric system: WebP and TIFF image support was verified on both editions.","Here it is on a running Dagric system: WebP and TIFF image support was verified on both editions.","docs/FIELD-NOTES-2026-08-15.md — What already works"
"DGR-VM-223","SCRIPTED_WAITING_FOR_VM_FOOTAGE","image-formats-three-beats","YouTube Shorts","24","Daily use: Three-beat explainer — image formats","Three quick beats: what it is, where it lives, and what you should verify yourself.","Three quick beats: what it is, where it lives, and what you should verify yourself. WebP and TIFF image support was verified on both editions.","docs/FIELD-NOTES-2026-08-15.md — What already works"
"DGR-VM-224","SCRIPTED_WAITING_FOR_VM_FOOTAGE","image-formats-owner-scenario","Snapchat Spotlight","30","Daily use: Owner scenario — image formats","Imagine this is the PC you already use.","Imagine this is the PC you already use. WebP and TIFF image support was verified on both editions. Here is the cautious way to try it.","docs/FIELD-NOTES-2026-08-15.md — What already works"
"DGR-VM-225","SCRIPTED_WAITING_FOR_VM_FOOTAGE","image-formats-myth-check","TikTok","20","Daily use: Myth check — image formats","This is not a promise that every machine behaves the same.","This is not a promise that every machine behaves the same. What Dagric actually documents is: WebP and TIFF image support was verified on both editions.","docs/FIELD-NOTES-2026-08-15.md — What already works"
"DGR-VM-226","SCRIPTED_WAITING_FOR_VM_FOOTAGE","image-formats-quiet-demo","Instagram Reels","12","Daily use: Quiet demo — image formats","Watch the workflow.","Watch the workflow. WebP and TIFF image support was verified on both editions.","docs/FIELD-NOTES-2026-08-15.md — What already works"
"DGR-VM-227","SCRIPTED_WAITING_FOR_VM_FOOTAGE","image-formats-proof-card","YouTube Shorts","16","Daily use: Proof card — image formats","WebP and TIFF image support was verified on both editions.","WebP and TIFF image support was verified on both editions. The evidence path is included below so you can check it.","docs/FIELD-NOTES-2026-08-15.md — What already works"
"DGR-VM-228","SCRIPTED_WAITING_FOR_VM_FOOTAGE","image-formats-before-you-install","Snapchat Spotlight","27","Daily use: Before you install — image formats","Before you install anything, this is worth checking on your own hardware: WebP and TIFF image support was verified on both editions.","Before you install anything, this is worth checking on your own hardware: WebP and TIFF image support was verified on both editions.","docs/FIELD-NOTES-2026-08-15.md — What already works"
"DGR-VM-229","SCRIPTED_WAITING_FOR_VM_FOOTAGE","image-formats-honest-limitation","TikTok","22","Daily use: Honest limitation — image formats","The useful feature is real, and so is the boundary.","The useful feature is real, and so is the boundary. WebP and TIFF image support was verified on both editions. We will show both.","docs/FIELD-NOTES-2026-08-15.md — What already works"
"DGR-VM-230","SCRIPTED_WAITING_FOR_VM_FOOTAGE","image-formats-founder-voice","Instagram Reels","36","Daily use: Founder-style voice — image formats","We built this for people who want to understand what their computer is doing.","We built this for people who want to understand what their computer is doing. WebP and TIFF image support was verified on both editions. Here is the real interface, not a mockup.","docs/FIELD-NOTES-2026-08-15.md — What already works"
"DGR-VM-231","SCRIPTED_WAITING_FOR_VM_FOOTAGE","apparmor-firewall-human-question","YouTube Shorts","18","Security: Human question — apparmor firewall","You might be wondering, “Free includes AppArmor, firewalld, hardened kernel settings, silent security updates, and an on-demand Lynis check.” Let’s look at the actual screen and the limitation that goes with it.","You might be wondering, “Free includes AppArmor, firewalld, hardened kernel settings, silent security updates, and an on-demand Lynis check.” Let’s look at the actual screen and the limitation that goes with it.","docs/EDITIONS.md — Security baseline"
"DGR-VM-232","SCRIPTED_WAITING_FOR_VM_FOOTAGE","apparmor-firewall-screen-first","Snapchat Spotlight","14","Security: Screen first — apparmor firewall","Here it is on a running Dagric system: Free includes AppArmor, firewalld, hardened kernel settings, silent security updates, and an on-demand Lynis check.","Here it is on a running Dagric system: Free includes AppArmor, firewalld, hardened kernel settings, silent security updates, and an on-demand Lynis check.","docs/EDITIONS.md — Security baseline"
"DGR-VM-233","SCRIPTED_WAITING_FOR_VM_FOOTAGE","apparmor-firewall-three-beats","TikTok","24","Security: Three-beat explainer — apparmor firewall","Three quick beats: what it is, where it lives, and what you should verify yourself.","Three quick beats: what it is, where it lives, and what you should verify yourself. Free includes AppArmor, firewalld, hardened kernel settings, silent security updates, and an on-demand Lynis check.","docs/EDITIONS.md — Security baseline"
"DGR-VM-234","SCRIPTED_WAITING_FOR_VM_FOOTAGE","apparmor-firewall-owner-scenario","Instagram Reels","30","Security: Owner scenario — apparmor firewall","Imagine this is the PC you already use.","Imagine this is the PC you already use. Free includes AppArmor, firewalld, hardened kernel settings, silent security updates, and an on-demand Lynis check. Here is the cautious way to try it.","docs/EDITIONS.md — Security baseline"
"DGR-VM-235","SCRIPTED_WAITING_FOR_VM_FOOTAGE","apparmor-firewall-myth-check","YouTube Shorts","20","Security: Myth check — apparmor firewall","This is not a promise that every machine behaves the same.","This is not a promise that every machine behaves the same. What Dagric actually documents is: Free includes AppArmor, firewalld, hardened kernel settings, silent security updates, and an on-demand Lynis check.","docs/EDITIONS.md — Security baseline"
"DGR-VM-236","SCRIPTED_WAITING_FOR_VM_FOOTAGE","apparmor-firewall-quiet-demo","Snapchat Spotlight","12","Security: Quiet demo — apparmor firewall","Watch the workflow.","Watch the workflow. Free includes AppArmor, firewalld, hardened kernel settings, silent security updates, and an on-demand Lynis check.","docs/EDITIONS.md — Security baseline"
"DGR-VM-237","SCRIPTED_WAITING_FOR_VM_FOOTAGE","apparmor-firewall-proof-card","TikTok","16","Security: Proof card — apparmor firewall","Free includes AppArmor, firewalld, hardened kernel settings, silent security updates, and an on-demand Lynis check.","Free includes AppArmor, firewalld, hardened kernel settings, silent security updates, and an on-demand Lynis check. The evidence path is included below so you can check it.","docs/EDITIONS.md — Security baseline"
"DGR-VM-238","SCRIPTED_WAITING_FOR_VM_FOOTAGE","apparmor-firewall-before-you-install","Instagram Reels","27","Security: Before you install — apparmor firewall","Before you install anything, this is worth checking on your own hardware: Free includes AppArmor, firewalld, hardened kernel settings, silent security updates, and an on-demand Lynis check.","Before you install anything, this is worth checking on your own hardware: Free includes AppArmor, firewalld, hardened kernel settings, silent security updates, and an on-demand Lynis check.","docs/EDITIONS.md — Security baseline"
"DGR-VM-239","SCRIPTED_WAITING_FOR_VM_FOOTAGE","apparmor-firewall-honest-limitation","YouTube Shorts","22","Security: Honest limitation — apparmor firewall","The useful feature is real, and so is the boundary.","The useful feature is real, and so is the boundary. Free includes AppArmor, firewalld, hardened kernel settings, silent security updates, and an on-demand Lynis check. We will show both.","docs/EDITIONS.md — Security baseline"
"DGR-VM-240","SCRIPTED_WAITING_FOR_VM_FOOTAGE","apparmor-firewall-founder-voice","Snapchat Spotlight","36","Security: Founder-style voice — apparmor firewall","We built this for people who want to understand what their computer is doing.","We built this for people who want to understand what their computer is doing. Free includes AppArmor, firewalld, hardened kernel settings, silent security updates, and an on-demand Lynis check. Here is the real interface, not a mockup.","docs/EDITIONS.md — Security baseline"
"DGR-VM-241","SCRIPTED_WAITING_FOR_VM_FOOTAGE","opensnitch-monitor-human-question","TikTok","18","Pro security: Human question — opensnitch monitor","You might be wondering, “Pro includes OpenSnitch in monitor mode; outbound blocking is opt-in from its interface.” Let’s look at the actual screen and the limitation that goes with it.","You might be wondering, “Pro includes OpenSnitch in monitor mode; outbound blocking is opt-in from its interface.” Let’s look at the actual screen and the limitation that goes with it.","docs/EDITIONS.md — Security Suite"
"DGR-VM-242","SCRIPTED_WAITING_FOR_VM_FOOTAGE","opensnitch-monitor-screen-first","Instagram Reels","14","Pro security: Screen first — opensnitch monitor","Here it is on a running Dagric system: Pro includes OpenSnitch in monitor mode; outbound blocking is opt-in from its interface.","Here it is on a running Dagric system: Pro includes OpenSnitch in monitor mode; outbound blocking is opt-in from its interface.","docs/EDITIONS.md — Security Suite"
"DGR-VM-243","SCRIPTED_WAITING_FOR_VM_FOOTAGE","opensnitch-monitor-three-beats","YouTube Shorts","24","Pro security: Three-beat explainer — opensnitch monitor","Three quick beats: what it is, where it lives, and what you should verify yourself.","Three quick beats: what it is, where it lives, and what you should verify yourself. Pro includes OpenSnitch in monitor mode; outbound blocking is opt-in from its interface.","docs/EDITIONS.md — Security Suite"
"DGR-VM-244","SCRIPTED_WAITING_FOR_VM_FOOTAGE","opensnitch-monitor-owner-scenario","Snapchat Spotlight","30","Pro security: Owner scenario — opensnitch monitor","Imagine this is the PC you already use.","Imagine this is the PC you already use. Pro includes OpenSnitch in monitor mode; outbound blocking is opt-in from its interface. Here is the cautious way to try it.","docs/EDITIONS.md — Security Suite"
"DGR-VM-245","SCRIPTED_WAITING_FOR_VM_FOOTAGE","opensnitch-monitor-myth-check","TikTok","20","Pro security: Myth check — opensnitch monitor","This is not a promise that every machine behaves the same.","This is not a promise that every machine behaves the same. What Dagric actually documents is: Pro includes OpenSnitch in monitor mode; outbound blocking is opt-in from its interface.","docs/EDITIONS.md — Security Suite"
"DGR-VM-246","SCRIPTED_WAITING_FOR_VM_FOOTAGE","opensnitch-monitor-quiet-demo","Instagram Reels","12","Pro security: Quiet demo — opensnitch monitor","Watch the workflow.","Watch the workflow. Pro includes OpenSnitch in monitor mode; outbound blocking is opt-in from its interface.","docs/EDITIONS.md — Security Suite"
"DGR-VM-247","SCRIPTED_WAITING_FOR_VM_FOOTAGE","opensnitch-monitor-proof-card","YouTube Shorts","16","Pro security: Proof card — opensnitch monitor","Pro includes OpenSnitch in monitor mode; outbound blocking is opt-in from its interface.","Pro includes OpenSnitch in monitor mode; outbound blocking is opt-in from its interface. The evidence path is included below so you can check it.","docs/EDITIONS.md — Security Suite"
"DGR-VM-248","SCRIPTED_WAITING_FOR_VM_FOOTAGE","opensnitch-monitor-before-you-install","Snapchat Spotlight","27","Pro security: Before you install — opensnitch monitor","Before you install anything, this is worth checking on your own hardware: Pro includes OpenSnitch in monitor mode; outbound blocking is opt-in from its interface.","Before you install anything, this is worth checking on your own hardware: Pro includes OpenSnitch in monitor mode; outbound blocking is opt-in from its interface.","docs/EDITIONS.md — Security Suite"
"DGR-VM-249","SCRIPTED_WAITING_FOR_VM_FOOTAGE","opensnitch-monitor-honest-limitation","TikTok","22","Pro security: Honest limitation — opensnitch monitor","The useful feature is real, and so is the boundary.","The useful feature is real, and so is the boundary. Pro includes OpenSnitch in monitor mode; outbound blocking is opt-in from its interface. We will show both.","docs/EDITIONS.md — Security Suite"
"DGR-VM-250","SCRIPTED_WAITING_FOR_VM_FOOTAGE","opensnitch-monitor-founder-voice","Instagram Reels","36","Pro security: Founder-style voice — opensnitch monitor","We built this for people who want to understand what their computer is doing.","We built this for people who want to understand what their computer is doing. Pro includes OpenSnitch in monitor mode; outbound blocking is opt-in from its interface. Here is the real interface, not a mockup.","docs/EDITIONS.md — Security Suite"
"DGR-VM-251","SCRIPTED_WAITING_FOR_VM_FOOTAGE","usbguard-consent-human-question","YouTube Shorts","18","Pro security: Human question — usbguard consent","You might be wondering, “The USB protection helper builds an allow-list from connected devices before enabling USBGuard.” Let’s look at the actual screen and the limitation that goes with it.","You might be wondering, “The USB protection helper builds an allow-list from connected devices before enabling USBGuard.” Let’s look at the actual screen and the limitation that goes with it.","docs/EDITIONS.md — Security Suite"
"DGR-VM-252","SCRIPTED_WAITING_FOR_VM_FOOTAGE","usbguard-consent-screen-first","Snapchat Spotlight","14","Pro security: Screen first — usbguard consent","Here it is on a running Dagric system: The USB protection helper builds an allow-list from connected devices before enabling USBGuard.","Here it is on a running Dagric system: The USB protection helper builds an allow-list from connected devices before enabling USBGuard.","docs/EDITIONS.md — Security Suite"
"DGR-VM-253","SCRIPTED_WAITING_FOR_VM_FOOTAGE","usbguard-consent-three-beats","TikTok","24","Pro security: Three-beat explainer — usbguard consent","Three quick beats: what it is, where it lives, and what you should verify yourself.","Three quick beats: what it is, where it lives, and what you should verify yourself. The USB protection helper builds an allow-list from connected devices before enabling USBGuard.","docs/EDITIONS.md — Security Suite"
"DGR-VM-254","SCRIPTED_WAITING_FOR_VM_FOOTAGE","usbguard-consent-owner-scenario","Instagram Reels","30","Pro security: Owner scenario — usbguard consent","Imagine this is the PC you already use.","Imagine this is the PC you already use. The USB protection helper builds an allow-list from connected devices before enabling USBGuard. Here is the cautious way to try it.","docs/EDITIONS.md — Security Suite"
"DGR-VM-255","SCRIPTED_WAITING_FOR_VM_FOOTAGE","usbguard-consent-myth-check","YouTube Shorts","20","Pro security: Myth check — usbguard consent","This is not a promise that every machine behaves the same.","This is not a promise that every machine behaves the same. What Dagric actually documents is: The USB protection helper builds an allow-list from connected devices before enabling USBGuard.","docs/EDITIONS.md — Security Suite"
"DGR-VM-256","SCRIPTED_WAITING_FOR_VM_FOOTAGE","usbguard-consent-quiet-demo","Snapchat Spotlight","12","Pro security: Quiet demo — usbguard consent","Watch the workflow.","Watch the workflow. The USB protection helper builds an allow-list from connected devices before enabling USBGuard.","docs/EDITIONS.md — Security Suite"
"DGR-VM-257","SCRIPTED_WAITING_FOR_VM_FOOTAGE","usbguard-consent-proof-card","TikTok","16","Pro security: Proof card — usbguard consent","The USB protection helper builds an allow-list from connected devices before enabling USBGuard.","The USB protection helper builds an allow-list from connected devices before enabling USBGuard. The evidence path is included below so you can check it.","docs/EDITIONS.md — Security Suite"
"DGR-VM-258","SCRIPTED_WAITING_FOR_VM_FOOTAGE","usbguard-consent-before-you-install","Instagram Reels","27","Pro security: Before you install — usbguard consent","Before you install anything, this is worth checking on your own hardware: The USB protection helper builds an allow-list from connected devices before enabling USBGuard.","Before you install anything, this is worth checking on your own hardware: The USB protection helper builds an allow-list from connected devices before enabling USBGuard.","docs/EDITIONS.md — Security Suite"
"DGR-VM-259","SCRIPTED_WAITING_FOR_VM_FOOTAGE","usbguard-consent-honest-limitation","YouTube Shorts","22","Pro security: Honest limitation — usbguard consent","The useful feature is real, and so is the boundary.","The useful feature is real, and so is the boundary. The USB protection helper builds an allow-list from connected devices before enabling USBGuard. We will show both.","docs/EDITIONS.md — Security Suite"
"DGR-VM-260","SCRIPTED_WAITING_FOR_VM_FOOTAGE","usbguard-consent-founder-voice","Snapchat Spotlight","36","Pro security: Founder-style voice — usbguard consent","We built this for people who want to understand what their computer is doing.","We built this for people who want to understand what their computer is doing. The USB protection helper builds an allow-list from connected devices before enabling USBGuard. Here is the real interface, not a mockup.","docs/EDITIONS.md — Security Suite"
"DGR-VM-261","SCRIPTED_WAITING_FOR_VM_FOOTAGE","creator-suite-human-question","TikTok","18","Pro creators: Human question — creator suite","You might be wondering, “Pro includes GIMP, Krita, Inkscape, Blender, OBS Studio, Kdenlive, and other creator tools.” Let’s look at the actual screen and the limitation that goes with it.","You might be wondering, “Pro includes GIMP, Krita, Inkscape, Blender, OBS Studio, Kdenlive, and other creator tools.” Let’s look at the actual screen and the limitation that goes with it.","docs/TEST-REPORT.md — verified binaries; docs/EDITIONS.md — Creator suite"
"DGR-VM-262","SCRIPTED_WAITING_FOR_VM_FOOTAGE","creator-suite-screen-first","Instagram Reels","14","Pro creators: Screen first — creator suite","Here it is on a running Dagric system: Pro includes GIMP, Krita, Inkscape, Blender, OBS Studio, Kdenlive, and other creator tools.","Here it is on a running Dagric system: Pro includes GIMP, Krita, Inkscape, Blender, OBS Studio, Kdenlive, and other creator tools.","docs/TEST-REPORT.md — verified binaries; docs/EDITIONS.md — Creator suite"
"DGR-VM-263","SCRIPTED_WAITING_FOR_VM_FOOTAGE","creator-suite-three-beats","YouTube Shorts","24","Pro creators: Three-beat explainer — creator suite","Three quick beats: what it is, where it lives, and what you should verify yourself.","Three quick beats: what it is, where it lives, and what you should verify yourself. Pro includes GIMP, Krita, Inkscape, Blender, OBS Studio, Kdenlive, and other creator tools.","docs/TEST-REPORT.md — verified binaries; docs/EDITIONS.md — Creator suite"
"DGR-VM-264","SCRIPTED_WAITING_FOR_VM_FOOTAGE","creator-suite-owner-scenario","Snapchat Spotlight","30","Pro creators: Owner scenario — creator suite","Imagine this is the PC you already use.","Imagine this is the PC you already use. Pro includes GIMP, Krita, Inkscape, Blender, OBS Studio, Kdenlive, and other creator tools. Here is the cautious way to try it.","docs/TEST-REPORT.md — verified binaries; docs/EDITIONS.md — Creator suite"
"DGR-VM-265","SCRIPTED_WAITING_FOR_VM_FOOTAGE","creator-suite-myth-check","TikTok","20","Pro creators: Myth check — creator suite","This is not a promise that every machine behaves the same.","This is not a promise that every machine behaves the same. What Dagric actually documents is: Pro includes GIMP, Krita, Inkscape, Blender, OBS Studio, Kdenlive, and other creator tools.","docs/TEST-REPORT.md — verified binaries; docs/EDITIONS.md — Creator suite"
"DGR-VM-266","SCRIPTED_WAITING_FOR_VM_FOOTAGE","creator-suite-quiet-demo","Instagram Reels","12","Pro creators: Quiet demo — creator suite","Watch the workflow.","Watch the workflow. Pro includes GIMP, Krita, Inkscape, Blender, OBS Studio, Kdenlive, and other creator tools.","docs/TEST-REPORT.md — verified binaries; docs/EDITIONS.md — Creator suite"
"DGR-VM-267","SCRIPTED_WAITING_FOR_VM_FOOTAGE","creator-suite-proof-card","YouTube Shorts","16","Pro creators: Proof card — creator suite","Pro includes GIMP, Krita, Inkscape, Blender, OBS Studio, Kdenlive, and other creator tools.","Pro includes GIMP, Krita, Inkscape, Blender, OBS Studio, Kdenlive, and other creator tools. The evidence path is included below so you can check it.","docs/TEST-REPORT.md — verified binaries; docs/EDITIONS.md — Creator suite"
"DGR-VM-268","SCRIPTED_WAITING_FOR_VM_FOOTAGE","creator-suite-before-you-install","Snapchat Spotlight","27","Pro creators: Before you install — creator suite","Before you install anything, this is worth checking on your own hardware: Pro includes GIMP, Krita, Inkscape, Blender, OBS Studio, Kdenlive, and other creator tools.","Before you install anything, this is worth checking on your own hardware: Pro includes GIMP, Krita, Inkscape, Blender, OBS Studio, Kdenlive, and other creator tools.","docs/TEST-REPORT.md — verified binaries; docs/EDITIONS.md — Creator suite"
"DGR-VM-269","SCRIPTED_WAITING_FOR_VM_FOOTAGE","creator-suite-honest-limitation","TikTok","22","Pro creators: Honest limitation — creator suite","The useful feature is real, and so is the boundary.","The useful feature is real, and so is the boundary. Pro includes GIMP, Krita, Inkscape, Blender, OBS Studio, Kdenlive, and other creator tools. We will show both.","docs/TEST-REPORT.md — verified binaries; docs/EDITIONS.md — Creator suite"
"DGR-VM-270","SCRIPTED_WAITING_FOR_VM_FOOTAGE","creator-suite-founder-voice","Instagram Reels","36","Pro creators: Founder-style voice — creator suite","We built this for people who want to understand what their computer is doing.","We built this for people who want to understand what their computer is doing. Pro includes GIMP, Krita, Inkscape, Blender, OBS Studio, Kdenlive, and other creator tools. Here is the real interface, not a mockup.","docs/TEST-REPORT.md — verified binaries; docs/EDITIONS.md — Creator suite"
"DGR-VM-271","SCRIPTED_WAITING_FOR_VM_FOOTAGE","windows-and-gaming-helpers-human-question","YouTube Shorts","18","Compatibility: Human question — windows and gaming helpers","You might be wondering, “Dagric provides consent-based helpers for Bottles, Steam, Heroic, ProtonUp-Qt, and a full Windows VM path; compatibility still depends on each app or game.” Let’s look at the actual screen and the limitation that goes with it.","You might be wondering, “Dagric provides consent-based helpers for Bottles, Steam, Heroic, ProtonUp-Qt, and a full Windows VM path; compatibility still depends on each app or game.” Let’s look at the actual screen and the limitation that goes with it.","docs/EDITIONS.md — Owner-consent helpers"
"DGR-VM-272","SCRIPTED_WAITING_FOR_VM_FOOTAGE","windows-and-gaming-helpers-screen-first","Snapchat Spotlight","14","Compatibility: Screen first — windows and gaming helpers","Here it is on a running Dagric system: Dagric provides consent-based helpers for Bottles, Steam, Heroic, ProtonUp-Qt, and a full Windows VM path; compatibility still depends on each app or game.","Here it is on a running Dagric system: Dagric provides consent-based helpers for Bottles, Steam, Heroic, ProtonUp-Qt, and a full Windows VM path; compatibility still depends on each app or game.","docs/EDITIONS.md — Owner-consent helpers"
"DGR-VM-273","SCRIPTED_WAITING_FOR_VM_FOOTAGE","windows-and-gaming-helpers-three-beats","TikTok","24","Compatibility: Three-beat explainer — windows and gaming helpers","Three quick beats: what it is, where it lives, and what you should verify yourself.","Three quick beats: what it is, where it lives, and what you should verify yourself. Dagric provides consent-based helpers for Bottles, Steam, Heroic, ProtonUp-Qt, and a full Windows VM path; compatibility still depends on each app or game.","docs/EDITIONS.md — Owner-consent helpers"
"DGR-VM-274","SCRIPTED_WAITING_FOR_VM_FOOTAGE","windows-and-gaming-helpers-owner-scenario","Instagram Reels","30","Compatibility: Owner scenario — windows and gaming helpers","Imagine this is the PC you already use.","Imagine this is the PC you already use. Dagric provides consent-based helpers for Bottles, Steam, Heroic, ProtonUp-Qt, and a full Windows VM path; compatibility still depends on each app or game. Here is the cautious way to try it.","docs/EDITIONS.md — Owner-consent helpers"
"DGR-VM-275","SCRIPTED_WAITING_FOR_VM_FOOTAGE","windows-and-gaming-helpers-myth-check","YouTube Shorts","20","Compatibility: Myth check — windows and gaming helpers","This is not a promise that every machine behaves the same.","This is not a promise that every machine behaves the same. What Dagric actually documents is: Dagric provides consent-based helpers for Bottles, Steam, Heroic, ProtonUp-Qt, and a full Windows VM path; compatibility still depends on each app or game.","docs/EDITIONS.md — Owner-consent helpers"
"DGR-VM-276","SCRIPTED_WAITING_FOR_VM_FOOTAGE","windows-and-gaming-helpers-quiet-demo","Snapchat Spotlight","12","Compatibility: Quiet demo — windows and gaming helpers","Watch the workflow.","Watch the workflow. Dagric provides consent-based helpers for Bottles, Steam, Heroic, ProtonUp-Qt, and a full Windows VM path; compatibility still depends on each app or game.","docs/EDITIONS.md — Owner-consent helpers"
"DGR-VM-277","SCRIPTED_WAITING_FOR_VM_FOOTAGE","windows-and-gaming-helpers-proof-card","TikTok","16","Compatibility: Proof card — windows and gaming helpers","Dagric provides consent-based helpers for Bottles, Steam, Heroic, ProtonUp-Qt, and a full Windows VM path; compatibility still depends on each app or game.","Dagric provides consent-based helpers for Bottles, Steam, Heroic, ProtonUp-Qt, and a full Windows VM path; compatibility still depends on each app or game. The evidence path is included below so you can check it.","docs/EDITIONS.md — Owner-consent helpers"
"DGR-VM-278","SCRIPTED_WAITING_FOR_VM_FOOTAGE","windows-and-gaming-helpers-before-you-install","Instagram Reels","27","Compatibility: Before you install — windows and gaming helpers","Before you install anything, this is worth checking on your own hardware: Dagric provides consent-based helpers for Bottles, Steam, Heroic, ProtonUp-Qt, and a full Windows VM path; compatibility still depends on each app or game.","Before you install anything, this is worth checking on your own hardware: Dagric provides consent-based helpers for Bottles, Steam, Heroic, ProtonUp-Qt, and a full Windows VM path; compatibility still depends on each app or game.","docs/EDITIONS.md — Owner-consent helpers"
"DGR-VM-279","SCRIPTED_WAITING_FOR_VM_FOOTAGE","windows-and-gaming-helpers-honest-limitation","YouTube Shorts","22","Compatibility: Honest limitation — windows and gaming helpers","The useful feature is real, and so is the boundary.","The useful feature is real, and so is the boundary. Dagric provides consent-based helpers for Bottles, Steam, Heroic, ProtonUp-Qt, and a full Windows VM path; compatibility still depends on each app or game. We will show both.","docs/EDITIONS.md — Owner-consent helpers"
"DGR-VM-280","SCRIPTED_WAITING_FOR_VM_FOOTAGE","windows-and-gaming-helpers-founder-voice","Snapchat Spotlight","36","Compatibility: Founder-style voice — windows and gaming helpers","We built this for people who want to understand what their computer is doing.","We built this for people who want to understand what their computer is doing. Dagric provides consent-based helpers for Bottles, Steam, Heroic, ProtonUp-Qt, and a full Windows VM path; compatibility still depends on each app or game. Here is the real interface, not a mockup.","docs/EDITIONS.md — Owner-consent helpers"
"DGR-VM-281","SCRIPTED_WAITING_FOR_VM_FOOTAGE","developer-stack-human-question","TikTok","18","Pro developers: Human question — developer stack","You might be wondering, “Pro includes Docker, Podman, Distrobox, Git, Python tooling, and an SSH server that stays off until enabled.” Let’s look at the actual screen and the limitation that goes with it.","You might be wondering, “Pro includes Docker, Podman, Distrobox, Git, Python tooling, and an SSH server that stays off until enabled.” Let’s look at the actual screen and the limitation that goes with it.","docs/EDITIONS.md — Developer toolchain"
"DGR-VM-282","SCRIPTED_WAITING_FOR_VM_FOOTAGE","developer-stack-screen-first","Instagram Reels","14","Pro developers: Screen first — developer stack","Here it is on a running Dagric system: Pro includes Docker, Podman, Distrobox, Git, Python tooling, and an SSH server that stays off until enabled.","Here it is on a running Dagric system: Pro includes Docker, Podman, Distrobox, Git, Python tooling, and an SSH server that stays off until enabled.","docs/EDITIONS.md — Developer toolchain"
"DGR-VM-283","SCRIPTED_WAITING_FOR_VM_FOOTAGE","developer-stack-three-beats","YouTube Shorts","24","Pro developers: Three-beat explainer — developer stack","Three quick beats: what it is, where it lives, and what you should verify yourself.","Three quick beats: what it is, where it lives, and what you should verify yourself. Pro includes Docker, Podman, Distrobox, Git, Python tooling, and an SSH server that stays off until enabled.","docs/EDITIONS.md — Developer toolchain"
"DGR-VM-284","SCRIPTED_WAITING_FOR_VM_FOOTAGE","developer-stack-owner-scenario","Snapchat Spotlight","30","Pro developers: Owner scenario — developer stack","Imagine this is the PC you already use.","Imagine this is the PC you already use. Pro includes Docker, Podman, Distrobox, Git, Python tooling, and an SSH server that stays off until enabled. Here is the cautious way to try it.","docs/EDITIONS.md — Developer toolchain"
"DGR-VM-285","SCRIPTED_WAITING_FOR_VM_FOOTAGE","developer-stack-myth-check","TikTok","20","Pro developers: Myth check — developer stack","This is not a promise that every machine behaves the same.","This is not a promise that every machine behaves the same. What Dagric actually documents is: Pro includes Docker, Podman, Distrobox, Git, Python tooling, and an SSH server that stays off until enabled.","docs/EDITIONS.md — Developer toolchain"
"DGR-VM-286","SCRIPTED_WAITING_FOR_VM_FOOTAGE","developer-stack-quiet-demo","Instagram Reels","12","Pro developers: Quiet demo — developer stack","Watch the workflow.","Watch the workflow. Pro includes Docker, Podman, Distrobox, Git, Python tooling, and an SSH server that stays off until enabled.","docs/EDITIONS.md — Developer toolchain"
"DGR-VM-287","SCRIPTED_WAITING_FOR_VM_FOOTAGE","developer-stack-proof-card","YouTube Shorts","16","Pro developers: Proof card — developer stack","Pro includes Docker, Podman, Distrobox, Git, Python tooling, and an SSH server that stays off until enabled.","Pro includes Docker, Podman, Distrobox, Git, Python tooling, and an SSH server that stays off until enabled. The evidence path is included below so you can check it.","docs/EDITIONS.md — Developer toolchain"
"DGR-VM-288","SCRIPTED_WAITING_FOR_VM_FOOTAGE","developer-stack-before-you-install","Snapchat Spotlight","27","Pro developers: Before you install — developer stack","Before you install anything, this is worth checking on your own hardware: Pro includes Docker, Podman, Distrobox, Git, Python tooling, and an SSH server that stays off until enabled.","Before you install anything, this is worth checking on your own hardware: Pro includes Docker, Podman, Distrobox, Git, Python tooling, and an SSH server that stays off until enabled.","docs/EDITIONS.md — Developer toolchain"
"DGR-VM-289","SCRIPTED_WAITING_FOR_VM_FOOTAGE","developer-stack-honest-limitation","TikTok","22","Pro developers: Honest limitation — developer stack","The useful feature is real, and so is the boundary.","The useful feature is real, and so is the boundary. Pro includes Docker, Podman, Distrobox, Git, Python tooling, and an SSH server that stays off until enabled. We will show both.","docs/EDITIONS.md — Developer toolchain"
"DGR-VM-290","SCRIPTED_WAITING_FOR_VM_FOOTAGE","developer-stack-founder-voice","Instagram Reels","36","Pro developers: Founder-style voice — developer stack","We built this for people who want to understand what their computer is doing.","We built this for people who want to understand what their computer is doing. Pro includes Docker, Podman, Distrobox, Git, Python tooling, and an SSH server that stays off until enabled. Here is the real interface, not a mockup.","docs/EDITIONS.md — Developer toolchain"
"DGR-VM-291","SCRIPTED_WAITING_FOR_VM_FOOTAGE","backup-stack-human-question","YouTube Shorts","18","Pro backup: Human question — backup stack","You might be wondering, “Pro includes Borg, Vorta, and rclone for local encrypted backups and optional cloud destinations.” Let’s look at the actual screen and the limitation that goes with it.","You might be wondering, “Pro includes Borg, Vorta, and rclone for local encrypted backups and optional cloud destinations.” Let’s look at the actual screen and the limitation that goes with it.","docs/EDITIONS.md — Creator suite"
"DGR-VM-292","SCRIPTED_WAITING_FOR_VM_FOOTAGE","backup-stack-screen-first","Snapchat Spotlight","14","Pro backup: Screen first — backup stack","Here it is on a running Dagric system: Pro includes Borg, Vorta, and rclone for local encrypted backups and optional cloud destinations.","Here it is on a running Dagric system: Pro includes Borg, Vorta, and rclone for local encrypted backups and optional cloud destinations.","docs/EDITIONS.md — Creator suite"
"DGR-VM-293","SCRIPTED_WAITING_FOR_VM_FOOTAGE","backup-stack-three-beats","TikTok","24","Pro backup: Three-beat explainer — backup stack","Three quick beats: what it is, where it lives, and what you should verify yourself.","Three quick beats: what it is, where it lives, and what you should verify yourself. Pro includes Borg, Vorta, and rclone for local encrypted backups and optional cloud destinations.","docs/EDITIONS.md — Creator suite"
"DGR-VM-294","SCRIPTED_WAITING_FOR_VM_FOOTAGE","backup-stack-owner-scenario","Instagram Reels","30","Pro backup: Owner scenario — backup stack","Imagine this is the PC you already use.","Imagine this is the PC you already use. Pro includes Borg, Vorta, and rclone for local encrypted backups and optional cloud destinations. Here is the cautious way to try it.","docs/EDITIONS.md — Creator suite"
"DGR-VM-295","SCRIPTED_WAITING_FOR_VM_FOOTAGE","backup-stack-myth-check","YouTube Shorts","20","Pro backup: Myth check — backup stack","This is not a promise that every machine behaves the same.","This is not a promise that every machine behaves the same. What Dagric actually documents is: Pro includes Borg, Vorta, and rclone for local encrypted backups and optional cloud destinations.","docs/EDITIONS.md — Creator suite"
"DGR-VM-296","SCRIPTED_WAITING_FOR_VM_FOOTAGE","backup-stack-quiet-demo","Snapchat Spotlight","12","Pro backup: Quiet demo — backup stack","Watch the workflow.","Watch the workflow. Pro includes Borg, Vorta, and rclone for local encrypted backups and optional cloud destinations.","docs/EDITIONS.md — Creator suite"
"DGR-VM-297","SCRIPTED_WAITING_FOR_VM_FOOTAGE","backup-stack-proof-card","TikTok","16","Pro backup: Proof card — backup stack","Pro includes Borg, Vorta, and rclone for local encrypted backups and optional cloud destinations.","Pro includes Borg, Vorta, and rclone for local encrypted backups and optional cloud destinations. The evidence path is included below so you can check it.","docs/EDITIONS.md — Creator suite"
"DGR-VM-298","SCRIPTED_WAITING_FOR_VM_FOOTAGE","backup-stack-before-you-install","Instagram Reels","27","Pro backup: Before you install — backup stack","Before you install anything, this is worth checking on your own hardware: Pro includes Borg, Vorta, and rclone for local encrypted backups and optional cloud destinations.","Before you install anything, this is worth checking on your own hardware: Pro includes Borg, Vorta, and rclone for local encrypted backups and optional cloud destinations.","docs/EDITIONS.md — Creator suite"
"DGR-VM-299","SCRIPTED_WAITING_FOR_VM_FOOTAGE","backup-stack-honest-limitation","YouTube Shorts","22","Pro backup: Honest limitation — backup stack","The useful feature is real, and so is the boundary.","The useful feature is real, and so is the boundary. Pro includes Borg, Vorta, and rclone for local encrypted backups and optional cloud destinations. We will show both.","docs/EDITIONS.md — Creator suite"
"DGR-VM-300","SCRIPTED_WAITING_FOR_VM_FOOTAGE","backup-stack-founder-voice","Snapchat Spotlight","36","Pro backup: Founder-style voice — backup stack","We built this for people who want to understand what their computer is doing.","We built this for people who want to understand what their computer is doing. Pro includes Borg, Vorta, and rclone for local encrypted backups and optional cloud destinations. Here is the real interface, not a mockup.","docs/EDITIONS.md — Creator suite"
